image_file,category,signal_source,reason,caption_or_ocr_excerpt
467313553_8753793004676379_990181434795277817_n.jpg,01_cricket_matches_and_action,ocr,Manual visual override after contact-sheet review.,"e * 5 : . ; r "" a r My : i) ™S * ; : ; » » fa td + =~ _ ey a ; ~~ f - . ie a t é . a os. } oe ~ fi e ‘ Va 4 2 = 7 Was La fy’ ‘i .  eeeeneeeen eae y LS e . * — oe, py TANWN os ay ; - — . : . “ ~ Al on : os *% a ax Ps - <"
467421597_8753793008009712_3791763158039657522_n.jpg,01_cricket_matches_and_action,ocr,Manual visual override after contact-sheet review.,"a e — 5 . .»* . “ten e F; ‘  . . >» . , . 7% oi * 7 ee ox i » : Y Tt ot. “ ‘ 3 - - 7. P J + a 5 + ' : : ’ . = - . —S ie » “7 f , ri ; a "" — ~ ~ : St ; i ba ‘ b z - . : . ; es > A . , . » 4 > v i “a : - / ry ; ; os a bal"
468862656_8827553797300299_5833584380259144493_n.jpg,03_cricket_team_and_tournament_announcements,ocr,Manual visual override after contact-sheet review.,"S| i ee ae iste 2. _— - fl Bee Sf hese EPRCE: 6 Te tS 4 Sey =o =] An eo) ~~ * =o WN aes at in pe on 2S =m ae =, SS ae: SS ox} —— Cy SS ee ee oo | | | | | \\"
471367702_901932398724417_1074607145997244501_n.jpg,03_cricket_team_and_tournament_announcements,ocr,Manual visual override after contact-sheet review.,"acon Some fgg SOOM Ge” a) he toomnna|f ” Gane a z a, a 4 ee a ee"
471476843_901932558724401_6779337976497656975_n.jpg,03_cricket_team_and_tournament_announcements,ocr,Manual visual override after contact-sheet review.,",cket an KS Yo Os & < <, & eo oO S NUE y » © 9, Manito®®’"
480626494_943415807909409_8770441642286219579_n.jpg,01_cricket_matches_and_action,caption,Matched match/game/action cricket keywords.,"🏏 Tough Loss in MCA League Division 2 Second Match 🏏  A forgettable loss for us, but we rise stronger from the ashes. Kudos to Ishara Lekamge for hanging in till the end with a fighting spirit. We’ll come back stronger!"
480657578_943425667908423_343089694424380549_n.jpg,01_cricket_matches_and_action,caption,Matched match/game/action cricket keywords.,"🏏 Great practice game against the Winnipeg Wolves! Bloomfield A team came out on top, thanks to the outstanding all-round performance by our captain Madhuranga, and the stellar batting from the man in form, Chinthaka Wij"
480660445_944336827817307_5049691759348682682_n.jpg,01_cricket_matches_and_action,caption,Matched match/game/action cricket keywords.,"Match Summary: MCA Recreational T20 League - Match 12 🎉   Another thrilling game for the Bloomfield All Stars! Ruban continues his stellar form, smashing his third consecutive 40+ score, including a brilliant half-centur"
480682356_944037987847191_8777911313791259152_n.jpg,01_cricket_matches_and_action,caption,Matched match/game/action cricket keywords.,"🏏 Match Summary: MCA Premier Division Match 7 🏏  The Bloomfield team continues to dominate with their 7th consecutive win, securing the top spot on the table! 🎉  🔝 Big shoutout to our senior batsmen Hirusha, John, and Pu"
480692932_944321377818852_8014009040353205370_n.jpg,02_cricket_player_profiles_and_awards,caption,Matched player-profile or cricket award keywords.,"🏏 Match Summary: MCA Recreational T20 League 🏏  Bloomfield Knights triumphed over Bloomfield All Stars with a dominant win by 113 runs! 🌟  Our openers, Ralston and Shehan, set a solid foundation with a quick start, follo"
480740927_943248997926090_693085015159153107_n.jpg,03_cricket_team_and_tournament_announcements,ocr,Manual visual override after contact-sheet review.,"Park 2 :  BLOOMFIELD A BLOOMFIELD B er ang mr | é 4, /, ; :2  \ Na Sy =  <2, Manitod?*, ) =  S  al  =  a> aa"
480748199_944024711181852_6415686805216044729_n.jpg,01_cricket_matches_and_action,caption,Matched match/game/action cricket keywords.,"🏏 What a thrilling match in the MCA Recreational T20 League! Bloomfield Knights clinched victory in Match 4, thanks to Shan Jayamaha's spectacular bowling spell and Madhuranga Sampath Bandara's unbeaten half-century. Wel"
480774954_943409011243422_2941930137741946762_n.jpg,01_cricket_matches_and_action,ocr,Matched match/game/action cricket keywords.,oF A oven nar ad i wl ~ t=)” MENDIS YR  Bloomrieto ce FS | paaa (2) \ — RIGHT-HAND BAT BLY 5 | | = é 0) a y s ped Division um @
480776543_943418417909148_8083086857739102294_n.jpg,01_cricket_matches_and_action,caption,Matched match/game/action cricket keywords.,Nilesh Narendran hung in there till the end with some classy batting and even snagged a wicket with his off-spin! Incredible all-round performance! 🌟👏
480777277_944332407817749_1212799048177443719_n.jpg,01_cricket_matches_and_action,caption,Matched match/game/action cricket keywords.,🌟 Star Performance Alert! 🌟  Hirusha Weerasekara shines again with an all-round display—contributing a solid 20 runs with the bat and weaving his left-arm spin magic to grab two crucial wickets. Fought hard till the end!
480851517_944034974514159_529557773111765488_n.jpg,01_cricket_matches_and_action,caption,Matched match/game/action cricket keywords.,A commendable fight by Bloomfield All Stars with an unbeaten last wicket partnership between Buddhika Abeyrathna and Ayesh Muthukumarana. Captain Anuradha led the bowling attack with a formidable opening spell. Despite o
480858497_944037997847190_1440603214409948190_n.jpg,01_cricket_matches_and_action,caption,Matched match/game/action cricket keywords.,"🔥 Stellar performance by Hirusha Weerasekara! 🔥 For the 3rd time this season, he has led the charge with an impressive 65 runs at the top of the batting lineup and made a mark with 2 crucial wickets for just 28 runs. 🏆 H"
480860608_944025804515076_8280000835725830561_n.jpg,01_cricket_matches_and_action,caption,Matched match/game/action cricket keywords.,"🏏 Bloomfield Triumphs Again! 🌟  In our 4th league game, we secured our 4th consecutive win! 🎉 An outstanding opening bowling spell from Prageeth Wasala and a blazing start with the bat by John Mendis paved the way to vic"
480864320_944339447817045_8312227241655129903_n.jpg,01_cricket_matches_and_action,caption,Matched match/game/action cricket keywords.,"🏏 Match 11 Summary: A Tough Day for Bloomfield Knights in Division 2   It was a challenging day for our batters, but Nilesh’s unbeaten half-century provided much-needed resistance, with Thilina Hettiarachchi’s quick inni"
480871564_943407694576887_7009557157767524386_n.jpg,01_cricket_matches_and_action,ocr,Matched match/game/action cricket keywords.,PROVITICiAQ LEAGUE LABARRIERE PARK 2 (WPG) | 3:15 PM 2024 LIONS 2 LABARRIERE PARK 2 (WPG) | 3:15 PM | WINNIPEG RAIDERS LABARRIERE PARK 3 (WPG) | 3:15 PM i Pot uttins ES | AICC LABARRIERE PARK 3 (WPG) | 3:15 PM rd “ZN | S
480874521_943422894575367_885128594285841804_n.jpg,01_cricket_matches_and_action,caption,Matched match/game/action cricket keywords.,🌟 Stellar performance alert! 🌟 Hirusha Weerasekara shines bright with an outstanding display of skill with both bat and ball in today's match. Truly a standout performer! 🏏🔥
480898497_944028231181500_2487006171105042983_n.jpg,02_cricket_player_profiles_and_awards,caption,Matched player-profile or cricket award keywords.,🌟 🏏Victory for Bloomfield Knights against Taverners in the MCA Recreational T20 League! Quick knocks by Thulasi Ram and Chinthaka Wijayasinghe set the stage. Chalinda Fernando's all-round brilliance earned him the Man of
480900972_943422901242033_4165400693142509111_n.jpg,01_cricket_matches_and_action,caption,Matched match/game/action cricket keywords.,"🏏🔥 Chinthaka Wijayasinghe dazzles with a brilliant T20 century in our practice game against the Lions! Way to go, Chinthaka! 💯👏 Despite the loss, it was a thrilling game! . . . . #MCALeague2024 #PracticeMatches"
480907650_943409007910089_1815562503110333767_n.jpg,02_cricket_player_profiles_and_awards,ocr,Matched player-profile or cricket award keywords.,"- ~a . ee. + PLAYER PROFILE » | , | $"
480910066_944035701180753_1996868946153738929_n.jpg,02_cricket_player_profiles_and_awards,caption,Matched player-profile or cricket award keywords.,"🌟 Star Performer of the Match: Hirusha Weerasekara! 🌟  Hirusha delivered a stellar performance with the bat, scoring a valuable 28 runs, and showcased his magical left-arm spin by taking 3 wickets for just 33 runs. His e"
480928854_943409084576748_8949243557925792085_n.jpg,02_cricket_player_profiles_and_awards,ocr,Matched player-profile or cricket award keywords.,"4 PLAYER PROFILE . ese PUBUDU > “* a oe = ""PERERA of % (xv BLOOMFIELD CC ¥ \ \ »"
480928854_943409354576721_6616617749313184625_n.jpg,01_cricket_matches_and_action,ocr,Matched match/game/action cricket keywords.,"> > vuven erOFtlt *, oe ekey )  DEVEEN =), FERNANDO eel . 7 INS BLOOMFIELD KNIGHTS VW "" a De LEFT-HAND BAT"
480938562_943425647908425_1705954996783260774_n.jpg,01_cricket_matches_and_action,caption,Matched match/game/action cricket keywords.,"🏏 Tough luck for Bloomfield All-Stars in their 3rd match of the MCA Recreational T20 league. Despite a valiant effort, we fell short. However, a big shoutout to Ayesh Piyumi for his stellar all-round performance, scoring"
480948517_944025781181745_3389725196711746401_n.jpg,01_cricket_matches_and_action,caption,Matched match/game/action cricket keywords.,"🏏 Tough Day for Bloomfield Knights in MCA Division 2 League 2024 🌟  Despite a stellar all-round performance by Shiromal Gunawardane, the match slipped away from the Knights. Another challenging outing, but we’ll come bac"
480970932_945963810987942_6265508101014271238_n.jpg,02_cricket_player_profiles_and_awards,caption,Matched player-profile or cricket award keywords.,Most Valuable Player of the Year 2024 - Bloomfield CC - Hirusha Weerasekara  #MCAPremierDivisionLeague2024
480980331_945963670987956_3327831250964251860_n.jpg,02_cricket_player_profiles_and_awards,caption,Matched player-profile or cricket award keywords.,Emerging Player of the Year 2024 - Bloomfield CC - Sanka Silva #MCAPremierDivisionLeague2024
480982857_945963630987960_3024169122859351942_n.jpg,02_cricket_player_profiles_and_awards,caption,Matched player-profile or cricket award keywords.,Best Bowler of the Year 2024 - Bloomfield All Stars - Anil Dasanayake  #MCARecreationalLeague2024
480983078_943409094576747_2938379720333688804_n.jpg,01_cricket_matches_and_action,ocr,Matched match/game/action cricket keywords.,© ~ = OFILE wy ” LAYER PRI aoe (Oo We SHAN ~~ (a2 JAYAMAHA ee hae : eA =p (V0) A LD 3 BLOOMFIELD KNIGHTS —_ @. 7) RIGHT ARM FAST MEDIUM oe >R0YD Sone — A s pup
480985491_943411257909864_1886953827325837028_n.jpg,01_cricket_matches_and_action,ocr,Matched match/game/action cricket keywords.,Y= LIONS NG BLOOMFIELD OF THE MATCH 6.0-0-29-6
481003539_943409004576756_3350375673977119640_n.jpg,01_cricket_matches_and_action,ocr,Matched match/game/action cricket keywords.,©) o> S puaverProrite Penn am (rm CHINTHAKA yp WIJAYASINGHE NN . Je = NY Near 2 BLOOMFIELD CC ae ee a LEFT ARM ORTHODOX Pen FE at aie »
481005672_943416084576048_4450477362697897566_n.jpg,01_cricket_matches_and_action,caption,Matched match/game/action cricket keywords.,"👏 Gritty Performance by Ishara Lekamge! 👏  With wickets tumbling at the other end, Ishara held the innings together till the very end. Great job and keep it up! 🏏💪"
481019019_943411531243170_5566246247411044525_n.1.jpg,03_cricket_team_and_tournament_announcements,caption,Matched team/squad announcement keywords.,"Meet the power-packed squad of 2024! 🏏 Presenting the formidable lineup of Bloomfield Cricket Club, ready to conquer the field with skill, determination, and team spirit. Let's make this season one to remember! 💪🏼🏆  . ."
481019019_943411531243170_5566246247411044525_n.jpg,03_cricket_team_and_tournament_announcements,ocr,Manual visual override after contact-sheet review.,be “gf MS Reta Cee es Se ae gi he Ee a ae en Ro co BO pe ee Bo eS phe GER \ Me Pasi pee es ae a ee ei oe g ae ¥ eae ae 454 Aye SA ANG ap eee a : ate : : Ca) Cg Ye pf | A see Pk ae oe: e = Z - f zs ¥ : A AOR PA And ¥ Rin
481019526_944339514483705_3099669117424741792_n.jpg,01_cricket_matches_and_action,caption,Matched match/game/action cricket keywords.,"🏏 Match 9 Summary:  Tough day at the office for Bloomfield in MCA Premier Division Match 9. Despite our spinners Hirusha, Pubudu, Chinthaka and Sanka putting in a solid shift to keep the Royal Kings to a chasable total,"
481035103_944025794515077_3312558143992544353_n.jpg,02_cricket_player_profiles_and_awards,caption,Matched player-profile or cricket award keywords.,"🏏 Star Performer Alert! 🌟  Prageeth Wasala set the stage brilliantly with his superb opening bowling spell, kickstarting another victory for Bloomfield and marking our 4th consecutive win! 🏅"
481043338_945963647654625_2613039626953626522_n.jpg,02_cricket_player_profiles_and_awards,caption,Matched player-profile or cricket award keywords.,Best Batsman of the Year 2024 - Bloomfield Knights - Ishara Lekamge  #MCADivision2League2024
481045027_945963664321290_2257127817546859640_n.jpg,02_cricket_player_profiles_and_awards,caption,Matched player-profile or cricket award keywords.,Most Valuable Player of the Year 2024 - Bloomfield Knights - Shehan Senarath  #MCADivision2League2024
481052936_945963757654614_4064524359833532826_n.jpg,02_cricket_player_profiles_and_awards,ocr,Matched player-profile or cricket award keywords.,BLOOMFIELD KNIGHTS G) Nene Best Bowler MCA League Division 2 - 2024 ro gS MATCHES WICKETS ECONOMY AVERAGE OVERS Se G a RUNS MAIDENS BEST 7 es ee SOBs Sen 54
481056226_945963660987957_9083353054605095666_n.jpg,02_cricket_player_profiles_and_awards,ocr,Matched player-profile or cricket award keywords.,BLOOMFIELD CRICKETCLUB (@) Bloomfield Young Talent of the Year OVERS . . % / W. MATCHES WICKETS ECONOMY AVERAGE E a € Z ae MAIDENS ALAN Ay =a
481072928_945963547654635_2696790395161778413_n.jpg,01_cricket_matches_and_action,ocr,Matched match/game/action cricket keywords.,"BLOOMFIELD ALL STARS es MCA Recreational League - 2024 -, ANURADHA 27 KARIYAWASAM EE eh MATCHES RUNS __ AVERAGE SR _HIGHSCORE_ 7 pow SM 6s = | =a CNG BEST % a & C} e"
481074498_945963747654615_2150422129946257361_n.jpg,02_cricket_player_profiles_and_awards,ocr,Manual visual override after contact-sheet review.,"Q Ms, ee A Be F ; i ra) / wer! Lf re 2S mS AD gee ey Ss | he: a = Ase el. SEN) Qe i eu LS ANY oa jim) i Sirol prs i : ie Ne Hg Se OE AS Ste h "" ie Le oon lie N= 3 Mi ‘are se qe wha] aR ake USSSA ha y it fe it ; ee Rey) ="
481075220_945963687654621_3178364340122062970_n.jpg,02_cricket_player_profiles_and_awards,caption,Matched player-profile or cricket award keywords.,"Best Bowler of the Year 2024 - Bloomfield Knights - Buddhi Rasathmaka  (Chinthaka accepted the award on behalf of Buddhi, who was out of the country.) #MCADivision2League2024"
481077870_945963837654606_1680149269648962159_n.jpg,02_cricket_player_profiles_and_awards,ocr,Matched player-profile or cricket award keywords.,BLOOMFIELD CC G) Nene Best Batsman MCA League Premier Division - 2024 (erp \ MATCHES RUNS AVERAGE SR HIGH SCORE Zz ad ) fz Y 50s 6s 4s . aA rs ee me SOOM
481080316_945963887654601_7115136374724507032_n.jpg,02_cricket_player_profiles_and_awards,caption,Matched player-profile or cricket award keywords.,Best Batsman of the Year 2024 - Bloomfield All Stars - Sachithananthan Ruban  #MCARecreationalLeague2024
481082586_945963734321283_1516454149945327417_n.jpg,02_cricket_player_profiles_and_awards,caption,Matched player-profile or cricket award keywords.,Best Batsman of the Year 2024 - Bloomfield CC - Hirusha Weerasekara  #MCAPremierDivisionLeague2024
481084841_945963727654617_4889500718768335008_n.jpg,02_cricket_player_profiles_and_awards,ocr,Matched player-profile or cricket award keywords.,"BLOOMFIELD CC G) Vemma Best Bowler MCA League Premier Division - 2024 MATCHES WICKETS ECONOMY AVERAGE OVERS ™ "" j Dy RUNS MAIDENS BEST . ee ee"
481085587_945963604321296_9030021709333682043_n.jpg,02_cricket_player_profiles_and_awards,ocr,Matched player-profile or cricket award keywords.,BLOOMFIELD CRICKETCLUB (@) Emerging Player of the Year ~ 2024 a SANKA SILVA MATCHES RUNS ERASE HIGH SCORE \ uy” (Aun { 6s 4s WICKETS ECONOMY BEST = | iY vty
481086211_943415784576078_4158688983358445916_n.jpg,01_cricket_matches_and_action,caption,Matched match/game/action cricket keywords.,"🏏 Victory...! A superb match-winning bowling spell by Chinthaka Wijayasinghe set the stage, and Chalinda Fernando 's calm innings with the lower-order batters sealed the win in a nail-biting finish. Well played, team! 🏆👏"
481115216_943409091243414_3567563038647526228_n.jpg,01_cricket_matches_and_action,ocr,Matched match/game/action cricket keywords.,BES eS eaves 4 ‘ x s¢ * ravenna ¥ M es ER € ee a my 4 a Ld RASATHMAKA =| ’ ) BLOOMFIELD KNIGHTS ee nal) 2 uerrHanoear a \ = | i eS VE RIGHT ARM OFF BREAK > ne a ee Serene ali |
481118376_944035727847417_4173343943853571302_n.jpg,01_cricket_matches_and_action,caption,Matched match/game/action cricket keywords.,🏏 Bloomfield Knights' Comeback Victory! 🎉  The Bloomfield Knights made a triumphant comeback in the MCA League Division 2 with a comprehensive victory! 🙌  Kudos to Dilshan Morawaliyadda for playing a valuable anchor role
481141407_944883834429273_6830273337783294837_n.jpg,02_cricket_player_profiles_and_awards,ocr,Matched player-profile or cricket award keywords.,"Marrrows emenarr AmeonA Ten ~~ » i gaa be ad Noe 2024 ® . Mag * BLOOMFIELD CC sa a @ J LEADING MVP we POINTS i""), 2024 season \ { \ 1 HIRUSHA WEERASEKARA 79.4 4) Sen RP: 31.40 | WP: 42|CP:5|RO-P:0|BP:1 _. e | ao bare 2 C"
481162117_944340934483563_2956913843506139317_n.jpg,01_cricket_matches_and_action,caption,Matched match/game/action cricket keywords.,"🌟 What a performance by Chinthaka Wijayasinghe! His left-arm orthodox spin was on fire, taking 4 crucial wickets for just 19 runs in his 7 overs, including a maiden over. 🔥  It’s great to see our experienced player back"
481163922_945963774321279_8379469811474858397_n.jpg,02_cricket_player_profiles_and_awards,caption,Matched player-profile or cricket award keywords.,Young Talent of the Year 2024 - Bloomfield CC - Rana Ali  #MCAPremierDivisionLeague2024
481164689_944884091095914_3232981590841436617_n.jpg,01_cricket_matches_and_action,caption,Matched match/game/action cricket keywords.,"🏏🌟 A tough end to the season for Bloomfield in the MCA Premier Division, as we fought hard in a must-win game to stay alive. Our bowlers, led by Hirusha, Sanka, Chinthaka, and Ali, put in a solid effort to keep the oppos"
481164850_943420647908925_328762827669117265_n.jpg,01_cricket_matches_and_action,caption,Matched match/game/action cricket keywords.,🎉 Bloomfield All Stars celebrate their first win of the tournament!   Captain Anuradha Kariyawasam led the charge with a stellar start with the bat and an all-round performance that set the tone for victory. 🏅 🌟 Star of
481166693_943417321242591_3882032007302863116_n.jpg,01_cricket_matches_and_action,caption,Matched match/game/action cricket keywords.,"Tough start for Bloomfield All-Stars in their first recreational T20 league game, but a stellar batting performance by Shiromal Gunawaardana kept us in the fight 💪🏏 . . . . #MCARecreationalT20 #BloomfieldAllStars"
481178452_943409024576754_6881445005364984599_n.jpg,01_cricket_matches_and_action,ocr,Matched match/game/action cricket keywords.,> puaver PROFILE wt - | SHEHAN ai Ae BLOOMFIELD KNIGHTS \ WF ertannear i Fae Ee RIGHT ARM LEG-BREAK | g==== Cry ten rn’
481185822_943409104576746_8144874197020608942_n.jpg,01_cricket_matches_and_action,ocr,Matched match/game/action cricket keywords.,"© © ouvert “4 . 4s, »”™ ‘e-> i . ‘ ‘ip ane > ISHARA + q 2a =. LEKAMGE . \) se ~ 4 BLOOMFIELD KNIGHTS as LEFT-HAND BAT A ea ee ae . i -Ya\"" = - * ” >"
481187333_944883984429258_6484961654000477319_n.jpg,02_cricket_player_profiles_and_awards,caption,Matched player-profile or cricket award keywords.,"🏅🌟 Star Performer Alert! Hirusha Weerasekara shines once again with an impressive all-round performance! 🎯🔥 He delivered a solid spell of 2 for 26 in his 3 overs and smashed a quick 41 runs, including 4 fours and 2 sixes"
481190622_943409371243386_5080574663562599813_n.jpg,01_cricket_matches_and_action,ocr,Matched match/game/action cricket keywords.,=) NILESH | NARENDRAN \ ay BLOOMFIELD KNIGHTS - SN =
481193339_943422934575363_2549050476313452734_n.jpg,01_cricket_matches_and_action,caption,Matched match/game/action cricket keywords.,Three in a row! 🌟 Bloomfield secures another victory in the premier division with a fantastic all-round performance by Hirusha Weerasekara with both bat and ball! 🎯🏅 Kudos to Suren Tharanga Darshana for his wonderful and
481195780_943412754576381_8244014194470014408_n.jpg,04_social_entertainment_low_priority,caption,Matched social/entertainment keywords.,"SAVE THE DATE FOLKS! Bloomfield is proud to present BNS live in concert, with Falan Andrea and the Lunu Dehi band. November 8th 2024, at Jubilee Place.  Mark your calendars for this special and rare event. Stay tuned for"
481202863_943409114576745_3712865623948067712_n.jpg,01_cricket_matches_and_action,ocr,Matched match/game/action cricket keywords.,a | THULAS RAM ' ) yi BLOOMFIELD KNIGHTS a lee RIGHT-HAND BAT G) Vie RIGHT ARM OFF SPIN ew 2024
481203224_944340841150239_7638588098255546849_n.jpg,01_cricket_matches_and_action,caption,Matched match/game/action cricket keywords.,"🏏 Tough day at the office for Bloomfield in MCA Premier Division Match 10. It was a close encounter, but we fell just short against Blues 2.  👏 Hats off to our left-arm spinners, Chinthaka and Sanka, who bowled brilliant"
481205678_943408997910090_798018401543786854_n.jpg,01_cricket_matches_and_action,ocr,Matched match/game/action cricket keywords.,whl PASHMA 7) =) NANAVAKKARA ee BLOOMFIELD KNIGHTS
481213969_944332584484398_6021264066368316922_n.jpg,01_cricket_matches_and_action,caption,Matched match/game/action cricket keywords.,"🌟 Tough day at the office for Bloomfield in Match 8 of the MCA Premier Division. We faced our first loss of the season in a forgettable match, but we'll bounce back stronger. 💪  Shoutout to Sanka Silva for playing an anc"
481243718_943425984575058_4313819044189934134_n.jpg,01_cricket_matches_and_action,caption,Matched match/game/action cricket keywords.,"Tough luck for Bloomfield Knights with a tight 13-run loss. Thulasi and Ishara Lekamge fought hard until the end, but we fell short. The win is coming soon. Great fight by the team! 💪  . . . . #MCALeague2024 #Division2 #"
481243775_944329557818034_7698006138741584900_n.jpg,01_cricket_matches_and_action,caption,Matched match/game/action cricket keywords.,"Match Summary: MCA Recreational T20 League - Match 11  Tough contest for Bloomfield All Stars, ending in a narrow loss against Gladiators. Despite Ruban's brilliant knock of 49 off 30 balls, narrowly missing out on a wel"
481244739_944324991151824_2936947665613522991_n.jpg,01_cricket_matches_and_action,caption,Matched match/game/action cricket keywords.,"Match Summary - MCA League Division 2, Match 9 🏏  Despite a valiant effort by our bowlers, restricting Blues 4 to under 6 runs per over, Bloomfield Knights faced an unfortunate loss. Ralston and Thuasi showed resilience"
481251875_944332457817744_5899362894624457315_n.jpg,01_cricket_matches_and_action,caption,Matched match/game/action cricket keywords.,"🌟 Match 10 Recap for Bloomfield Knights in MCA Division 2 🌟  A brilliant century stand for the 4th wicket by Ishara and Thulasi set us up with a strong total after batting first. However, despite their efforts, we couldn"
481256915_944340861150237_2975004972117888023_n.jpg,01_cricket_matches_and_action,caption,Matched match/game/action cricket keywords.,"🏏 Bloomfield Knights finish the season on a high with a solid win in MCA Division 2 Match 12!  💥 Captain Shehan’s quickfire start set the tone, with Ishara, Thulasi, and Anuradha building on it to post a strong total.  🔥"
481258471_943409211243402_4590072854831896727_n.jpg,01_cricket_matches_and_action,ocr,Matched match/game/action cricket keywords.,+ z pLAVER PROFILE “—— ee! RANA (ee-gh) G ~ BLOOMFIELD CC [Se ‘ Wy SSMS | e \ “© RIGHT-HAND BAT
481258814_944884014429255_1155345083466412147_n.jpg,02_cricket_player_profiles_and_awards,caption,Matched player-profile or cricket award keywords.,"🌟🏏 Star Performer of the Match for the 7th time this season! Hirusha Weerasekara has truly been the hero of the season, delivering yet another magical left-arm spell. 🎯🔥 This time, he took 3 crucial wickets for just 34 r"
481259319_943409001243423_2878887679090551665_n.jpg,02_cricket_player_profiles_and_awards,ocr,Matched player-profile or cricket award keywords.,"PLAYER PROFILE i,  “a7. i KRISHANTHA eatee = CHAMARA — BLOOMFIELD ce  { Ve | (7 RIGHT-HAND BAT  ee | We  ya __ = We, 2024 PLUONIRIELD iad ~"
481259645_943409087910081_3359871201132951078_n.jpg,01_cricket_matches_and_action,ocr,Matched match/game/action cricket keywords.,< a HIRUSHA -} WEERASEKARA j . BLOOMFIELD CC =e ) eevuano eat 5 ki 00m. is s fenaie
481282910_943249051259418_1344787633675153667_n.jpg,01_cricket_matches_and_action,ocr,Matched match/game/action cricket keywords.,"WAKM-UF Egan MALO MAY — cooo00o  At Labarriere 17:00  Park 2 : BLOOMFIELD BLOOMFIELD KNIGHTS ALL STARS — om ra vy rr’ — ey, , ©  \ > ee ~  ~  i a ale"
481284454_943411567909833_4698236678941790276_n.jpg,01_cricket_matches_and_action,caption,Matched match/game/action cricket keywords.,"Hard luck with the result, but a special shoutout to Shan Jayamaha for his stellar performance with the bat! 💪🏽🔥"
481288385_945963597654630_3224069135222156707_n.jpg,01_cricket_matches_and_action,ocr,Matched match/game/action cricket keywords.,BLOOMFIELD KNIGHTS es MCA League Division 2 - 2024 a fa=\- a SHEHAN ius SENARATH wate. MATCHES RUNS AVERAGE SR HIGH SCORE J =a): ( a 6s as WICKETS ECONOMY BEST Ga 2 MJ Ne
481289811_945963557654634_2094219476077933530_n.jpg,01_cricket_matches_and_action,ocr,Matched match/game/action cricket keywords.,BLOOMFIELD KNIGHTS es Ld MCA League Division 2 - 2024 a. . ISHARA ee = peaks. ‘MATCHES RUNS AVERAGE SR__HIGHSCORE yi
481290311_945963674321289_741355537389257086_n.jpg,02_cricket_player_profiles_and_awards,caption,Matched player-profile or cricket award keywords.,Most Valuable Player of the Year 2024 - Bloomfield All Stars - Anuradha Kariyawasam  #MCARecreationalLeague2024
481291420_943409351243388_4794502097042411966_n.jpg,02_cricket_player_profiles_and_awards,ocr,Matched player-profile or cricket award keywords.,". = 4 PLAYER PROFILE on =) DEZILVA Ses , BLOOMFIELD KNIGHTS if y (7, AIGHT-HAND BAT “RoYD = — oe"
481297776_944884031095920_367319368433263818_n.jpg,02_cricket_player_profiles_and_awards,ocr,Manual visual override after contact-sheet review.,"eS = ¥ al ss. “_ ~ mrorene Canoe i | on 2024 , - Mag .. 2024 season ws f ‘ HA WEERASEKARA ; BIRUSEA WEERASERARAY _. 314 ‘ Mike. a... Y. Ef (x CHALINDA FERNANDO RC 2 Inn: 12 | Avg : 26 | SR:66|HS:39|50s:0| 45:14] 6s:2 209"
481298186_944025827848407_4475213310597811288_n.jpg,01_cricket_matches_and_action,caption,Matched match/game/action cricket keywords.,"""🌟 Despite the result, Shiromal Gunawardane's all-round brilliance shone bright for Bloomfield Knights! His 4 wickets and quickfire 24 runs showcased true cricketing spirit. Onwards and upwards, team! 🏏💫"
481301028_944032411181082_5713640151248516389_n.jpg,01_cricket_matches_and_action,caption,Matched match/game/action cricket keywords.,"Another tough day for Bloomfield Knights as our batting order struggled. But let's not get discouraged! Let's learn from our mistakes and come back stronger. Keep your heads up, team! Let's play good cricket and aim for"
481316724_943425914575065_6013785861398061695_n.jpg,02_cricket_player_profiles_and_awards,caption,Matched player-profile or cricket award keywords.,"The star performer of today's match: Ishara Lekamge! Another brilliant day with the bat, showcasing his great form. Fought till the end with a wonderful knock. Keep shining! 🌟🏏"
481335052_943405257910464_2758280934346349451_n.jpg,01_cricket_matches_and_action,ocr,Matched match/game/action cricket keywords.,PROVINCIAL CEA@Le SHER E MAPLES STEELERS MGA LABARRIERE PARK 2 (WPG) | 6:00 PM 2024 COSMOS SPARTANS LABARRIERE PARK 2 (WPG) | 6:00 PM | / TRAVERNERS (WPG) PM \Y = * ie WINNIPEG RAIDERS Ne ome e : * @ ‘LIONS t—t oncket an
481357125_944324881151835_5049122018912045789_n.jpg,02_cricket_player_profiles_and_awards,caption,Matched player-profile or cricket award keywords.,"🌟 Star Performer of the Match: Pashma Nanayakkara 🌟  Pashma showcased his all-round brilliance with a standout performance! He delivered a crucial spell, taking 2 important wickets with his golden arm. His game-changing"
481447817_944339464483710_990215123213611829_n.jpg,02_cricket_player_profiles_and_awards,caption,Matched player-profile or cricket award keywords.,"Star Performer: Hirusha Weerasekara Shines Again! 🌟  For the 4th consecutive time, Hirusha Weerasekara has showcased his incredible form with both bat and ball! Scoring a crucial 44 runs and delivering 7 economical overs"
481505289_944340887816901_3498902860126205464_n.jpg,02_cricket_player_profiles_and_awards,ocr,Matched player-profile or cricket award keywords.,"MAPETGmA Crmoearr AMMA TIM a ae (@*?: = ° ‘ -  BLOOMFIELD KNIGHTS - , _""  LEADING RUNS ~ 2024 season y; / = y . » 1 ead ade re tc ad 1|4s:16|6s:4 254 wast : , Sere earch eee 242) ap 3 THULASI RAM 75|50s:1| 45: 23/6s:1 22"
481543639_944340957816894_131447374351624266_n.jpg,01_cricket_matches_and_action,caption,Matched match/game/action cricket keywords.,"🌟 Back-to-back brilliance from Thilina Hettiarachchi! For the second game in a row, Thilina's right-arm fast bowling was unstoppable, taking 4 crucial wickets and showing his fantastic form.  👏 Also grabbed a sharp catch"
481656513_944037791180544_6845096640201419817_n.jpg,01_cricket_matches_and_action,caption,Matched match/game/action cricket keywords.,"🏏 Match Summary: MCA Division 2 Match 8 - Bloomfield Knights Victory! 🏆  What a game! Our Bloomfield Knights fought hard and clinched a thrilling win, thanks to an exceptional performance from our bowling and fielding de"
481662166_944340884483568_683211207060295966_n.jpg,02_cricket_player_profiles_and_awards,ocr,Matched player-profile or cricket award keywords.,"MATTOMA EREKET AmmOcATION “Oo ey, 2024 ""ee Ln ¥ , BLOOMFIELD KNIGHTS these * LEADING WICKETS —— = H a TAKERS — is 2024 season fi \ mult’ \ Ee 4 BUDDHIRASATHMAKA 12 gli a Inn : 12 | Econ : 4.82 | Avg : 24 | Overs : 61| Ru"
481666649_945963840987939_4873232521527191737_n.jpg,02_cricket_player_profiles_and_awards,ocr,Matched player-profile or cricket award keywords.,BLOOMFIELD CC G) en Most Valuable Player MCA League Premier Division - 2024 ‘ ¢ oa ) MATCHES RUNS AVERAGE SR HIGH SCORE a ad cry 6s 4s WICKETS ECONOMY _ BEST . an a Ee ee | 3-18 | \ a SLOOMn-
481671313_943408977910092_7648628908793108591_n.jpg,01_cricket_matches_and_action,ocr,Matched match/game/action cricket keywords.,"PLAVER PROFILE i, y= he MATHISHA 7 ie SAMARAWICKRAMA +> ( Se \ BLOOMFIELD CC ' Vyas be LEFT-HAND BAT |"
481673970_943409307910059_5705212217826246598_n.jpg,01_cricket_matches_and_action,ocr,Matched match/game/action cricket keywords.,ee = eh } AYER PROFILE per aye oN ey THILINA Nag HETTIARACHCHI ay \ - x BLOOMFIELD KNIGHTS ie Fi i 7) LEFT-HAND BAT ee “Vie RIGHT ARM FAST Pm | = = fax) 4 we 2024 |
481675009_943415757909414_2408035012715845182_n.jpg,01_cricket_matches_and_action,caption,Matched match/game/action cricket keywords.,🌟 Chinthaka Wijayasinghe's brilliant left-arm orthodox spin lit up the game and led us to victory. Outstanding performance. 🏏👏
481708984_945963614321295_2516296902892955915_n.jpg,01_cricket_matches_and_action,ocr,Matched match/game/action cricket keywords.,"BLOOMFIELD ALL STARS si MCA Recreational League - 2024 ANIL DASANAYAKE {x & ees WICKETS ECONOMY AVERAGE OVERS 7 4 ¥ aaa MAIDENS BEST , 3 j"
481764295_944029457848044_276417775093418897_n.jpg,02_cricket_player_profiles_and_awards,caption,Matched player-profile or cricket award keywords.,"💥 Star Performer Alert! 💥  Our vice-captain, Suren Tharanga Darshana, delivered a fantastic opening spell, securing 3 wickets and bowling 3 maidens! 🎯 His crucial contribution with the bat, staying steady until the end,"
481814940_944030187847971_2690925220149529734_n.jpg,01_cricket_matches_and_action,caption,Matched match/game/action cricket keywords.,"🏏 Toughest Day for Bloomfield All Stars 🏏  Today was a challenging match for the Bloomfield All-Stars as we lost the game. Despite the setback, this game is a valuable lesson for us. It's a reminder to learn from our exp"
481824096_944883837762606_2230582612304599692_n.jpg,01_cricket_matches_and_action,caption,Matched match/game/action cricket keywords.,"🌧️⏰ A rain-shortened 14-over thriller in the MCA Premier Division saw Bloomfield in action! Despite chasing an above-par score, the team put up a strong fight. John gave us a solid start, while Hrusha's quickfire 41 kept"
481897593_944035697847420_4880718686353325020_n.jpg,02_cricket_player_profiles_and_awards,caption,Matched player-profile or cricket award keywords.,"🏏 Star Performer Alert! 🌟  Captain Shehan Senarath shines! With a valuable 16 runs opening the innings and an outstanding spell, taking 3 wickets for just 18 runs, including a maiden over, Shehan led the team to victory"
481905602_943418401242483_5846065997663555090_n.jpg,01_cricket_matches_and_action,caption,Matched match/game/action cricket keywords.,"Despite another tough loss, the Blomfield Knights put up a great fight against strong opposition. Nilesh played an exceptional anchor role, batting till the end. Well done, team! 🌟💪 . . . . #MCALeague2024 #Division2 #Mat"
481914243_943409057910084_2898912808360863066_n.jpg,01_cricket_matches_and_action,ocr,Matched match/game/action cricket keywords.,on = ER PROFILE Nes - me PLAY x di SE y - » a / OHANANJAYA a’) CHANDRASEKARA 7 he BLOOMFIELD KNIGHTS ~ ©) RIGHT-HAND BAT <a =< TS mr
481915342_943406771243646_1367554437887041657_n.jpg,01_cricket_matches_and_action,ocr,Matched match/game/action cricket keywords.,MATCH SUMMARY et MCA Summer League 2024 - Warm Up Game 9) WINNIPEG BLUESCC BLOOMFIELD CC  187-6 173-9  HIRUSHAWEERASEKARA 41*(32)CHINTHAKAWJAYASINGHE 67 (41) PRAYAG KUMAR 25 (24) NILESHNARENDRAN = 20 (26) OVERS 25 OVERS
481920237_944884044429252_5770112096268337323_n.jpg,02_cricket_player_profiles_and_awards,ocr,Matched player-profile or cricket award keywords.,"S-- a . —— Premier Division Os ~e —— BLOOMFIELD CC a i . A a = f LEADING WICKETS ss, 97 TAKERS he, 2024 season p om 4 \ ; 1 HIRUSHA WEERASEKARA 21 ) RS Inn: 12 | Econ : 4.88 | Avg : 16 | Overs : 71.5 | Runs SADIIMENS Cra"
481959885_944332681151055_1987493120109852731_n.jpg,02_cricket_player_profiles_and_awards,caption,Manual visual override after contact-sheet review.,"🌟 Star Performance of the Day! 🌟  Thulasi Ram dazzles with a classy 75 off 75 balls, smashing 12 fours in a display of pure form and finesse. He’s been in fantastic touch over the last two games—keep it up, Thulasi! 🔥"
482002187_943409387910051_8377655602066241470_n.jpg,01_cricket_matches_and_action,ocr,Matched match/game/action cricket keywords.,MATCH aby SUMMARY a MCA Summer League 2024 - Warm Up Game BLOOMFIELD ALL STARS [1682 | 168-2 | 1462 | | ISHARA LEKAMGE 31* (20) SHIROMAL GUNAWARDANE 37* (23) SHAN JAYAMAHA 31* (34) UPUL HERATH 32* (28) THILINA HETTIARACH
482002964_944038117847178_1172206755267937676_n.jpg,01_cricket_matches_and_action,caption,Matched match/game/action cricket keywords.,"🌟 Star performance of the Match: Buddhi Rasathmaka Shines! 🌟  A standout performance by Buddhi Rasathmaka , who took 2 crucial wickets early in the innings for just 27 runs. His mystery off-spin once again set the tone f"
482009854_944326757818314_300859131974541145_n.jpg,01_cricket_matches_and_action,caption,Matched match/game/action cricket keywords.,"🏏 Victory for Bloomfield All Stars! 🌟  With an all-round masterclass from Kapila Deiyagala, who took 2 crucial wickets and scored a half-century, and a rapid knock from Ruban that helped build a century partnership, our"
482018655_944035874514069_4216807260925841496_n.jpg,01_cricket_matches_and_action,caption,Matched match/game/action cricket keywords.,"🏏🎉Bloomfield clinched their 6th consecutive win in the MCA League Premier Division with a nail-biting finish, retaining the top position on the table! 🙌  Special shoutout to Prageeth Wasala for his valuable runs at the e"
482022608_944341037816886_7279724239620709446_n.jpg,02_cricket_player_profiles_and_awards,ocr,Matched player-profile or cricket award keywords.,ee ee mnoVIRSAL Lan « . os = . . BLOOMFIELD KNIGHTS =) 4 A ss o> i 4 LEADING MVP <= 2024 season 5 SHEHAN SENARATH \ Wx 1 RP 16.20] WP: 22|CP:4|RO-P:4|BP:0 46.2 Vaal 2 RP: 15.00 | WP: 22|CP:4|RO-P:2|BP:0 _ 43.0 ‘tz ISHARA
482049619_944339521150371_4788927194110045501_n.jpg,02_cricket_player_profiles_and_awards,caption,Matched player-profile or cricket award keywords.,"Star Performer: Thilina Hettiarachchi Back in Form! 🌟  Thilina Hettiarachchi delivered a stellar performance, smashing 33 runs off just 28 balls, including two massive sixes! He also made a significant impact with the ba"
482058480_945963554321301_1543366707188800662_n.jpg,02_cricket_player_profiles_and_awards,caption,Matched player-profile or cricket award keywords.,Best Bowler of the Year 2024 - Bloomfield CC - Chinthaka Wijayasinghe  #MCAPremierDivisionLeague2024
482191758_944039154513741_8994890678716106350_n.jpg,05_community_events_mixed,caption,Matched community/culture event keywords.,"🌟 5 More Days to Go! 🌟  🏏 Bloomfield Cricket and Cultural Club proudly presents the 16th Annual Bloomfield Sixes! 🏏  📅 Date: Saturday, July 27th ⏰ Time: 7:00 AM onwards 📍 Location: Chancellor School Grounds (1520 Chancel"
482208050_943407614576895_8803631852987142054_n.jpg,03_cricket_team_and_tournament_announcements,ocr,Manual visual override after contact-sheet review.,"we, 2024 CRESCENT STARS LABARRIERE PARK 2 (WPG) | 9:00 AM ROYAL RAZIR | ee ‘ > BS a, _ BENGAL TIGERS ss a, 1 PARK 2 (WPG) 19:00 AM : : 2s * S QO co 1S KINGZ > % he oa eo ‘ 4 G * %, BiECC cy WINNIPEG SHOOTERS “e6 G LABARR"
482219171_943406817910308_2158305407321994531_n.jpg,01_cricket_matches_and_action,ocr,Matched match/game/action cricket keywords.,MATCH Sey SUMMARY a MCA Summer League 2024 - Warm Up Game BLOOMFIELD A 165-7 155-6 ISHARA LEKAMGE 51* (52) THILINA HETTIARACHCHI 33% (29) CHINTHAKA WIJAYASINGHE 32 (21) MADHURANGA BANDARA 30 (26) SHAN JAYAMAHA 32 (22) NA
482226062_943409027910087_4351987083019756798_n.jpg,02_cricket_player_profiles_and_awards,ocr,Matched player-profile or cricket award keywords.,"© . PLAYER PROFILE i, Xe > beard} NAVEEN i FERNANDO /) . SG yy, BLOOMFIELD KNIGHTS m@ CG Ge PIGHT ARM FAST MEDIUM eS — S ~ f BLOOMFIELD ete, O"
482242009_943409367910053_5937801543769721444_n.jpg,01_cricket_matches_and_action,ocr,Matched match/game/action cricket keywords.,"| ~ A a ——""s be . | re| CHALINDA ‘od, FERNANDO Py BLOOMFIELD CC } = VIA if | bua 7, 4 RIGHT-HAND BAT —~ fay” WICKET-KEEPER = au. ‘ , is fenaie oo SU NEIELD\ ~ 1 ~~"
482247713_944028174514839_4707334822413465552_n.jpg,01_cricket_matches_and_action,caption,Matched match/game/action cricket keywords.,"🌟 Another tough game for Bloomfield All-Stars in the MCA Recreational T20 League 2024. Despite the loss, Suren Dadallage and Madhuranga Bandara had a commendable batting display. Ayesh Muthukumarana also shined, taking 3"
482253484_944029297848060_2796423308714669388_n.jpg,01_cricket_matches_and_action,caption,Matched match/game/action cricket keywords.,"🎉 We're thrilled to announce that Bloomfield has clinched its 5th consecutive win in the MCA League Premier Division! 🏆🔥  A special shoutout to our incredible vice-captain, Suren Tharanga Darshana, for his outstanding pe"
493287959_985116173739372_6704047434217403245_n.jpg,01_cricket_matches_and_action,ocr,Matched match/game/action cricket keywords.,"EI Sim = a a MCA SUMMER LEAGUE “MCA: acket ang Division 2 ye We SUN 2025 ‘zg fj (3 i e : \¥ So ae és (. BLOOMFIELD KNIGHTS }) . MATCH SCHEDULE wy, Q3 WINNIPEGWARRIORS 27 FIVERIVERS2 MAY LABARRIER PARK 3 | 10:00 AM JUL WA"
493312441_985116143739375_3748754203226758810_n.jpg,01_cricket_matches_and_action,ocr,Matched match/game/action cricket keywords.,"sx . rs] AP ’ MCA SUMMER LEAGUE Ke al ss u \cket ang : Premier Division yp S Q 2025 S A Se 2 Ie a ETE CES ‘4 QP Manitoo® y MATCH SCHEDULE MB EAGLES HAKUNA MATATA LABARRIER PARK 2 | 9:00 AM WINELER CRICKET GROUND | 9:00,"
494187373_986372836947039_297056692895924302_n.jpg,01_cricket_matches_and_action,caption,Matched match/game/action cricket keywords.,"🔥 Gearing up for the season! First warm-up match starts tomorrow, April 27th at 1:00 PM. Time to get into the groove! 💪🏏  . . . . #MatchDay #SeasonPrep #GameOn"
494885908_991004599817196_2909151646847183178_n.jpg,03_cricket_team_and_tournament_announcements,caption,Matched team/squad announcement keywords.,"🌟 A New Chapter Begins! 🌟 Introducing the Bloomfield Stars – our newest warriors stepping into the spotlight for the MCA Summer League 2025 – Division 3! A fresh squad, full of promise and passion, ready to shine bright"
495020032_991004213150568_352013687483986850_n.jpg,03_cricket_team_and_tournament_announcements,caption,Matched team/squad announcement keywords.,"🔥 Squad Announcement Alert! 🔥 Proud to unveil our Bloomfield Cricket Club squad for the MCA Summer League 2025 – Premier Division! 💪🏏 A blend of experience, talent, and passion – ready to take the field and fight for glo"
495042881_991004373150552_603857348966197472_n.jpg,03_cricket_team_and_tournament_announcements,caption,Matched team/squad announcement keywords.,"⚔️ Here Come the Knights! ⚔️ Pumped to reveal the Bloomfield Knights squad for the MCA Summer League 2025 – Division 2! A determined unit, built on grit, skill, and unity – ready to charge into battle this summer. Let th"
495280700_991687229748933_233561333417594697_n.jpg,02_cricket_player_profiles_and_awards,caption,Matched player-profile or cricket award keywords.,🏅 Man of the Match – Anuradha Kariyawasam! 💥 A fiery opening spell with the new ball and two stunning catches in the field set the tone for a winning start to the season. Brilliant all-round effort! 🔥👏  . . . . . . #Bloo
495368296_991685906415732_7259866671331839444_n.jpg,03_cricket_team_and_tournament_announcements,caption,Matched team/squad announcement keywords.,Bloomfield Knights kick off the 2025 season with a solid win! 💥🔥 A dominant bowling display led by the pace attack and backed by smart spin sealed the deal. Top team effort all around! 💪 . . . . . #GoKnights #SeasonOpene
495571959_992931432957846_6240300213375130104_n.jpg,01_cricket_matches_and_action,caption,Matched match/game/action cricket keywords.,A comprehensive victory to kick off the campaign! 🔥💪 What a way to start our MCA League journey! Bloomfield Stars shine bright in our debut game with a dominant all-round performance! From disciplined bowling to explosiv
495619397_992931559624500_7065419419262629231_n.jpg,02_cricket_player_profiles_and_awards,caption,Matched player-profile or cricket award keywords.,"Man of the Match – Naveen Fernando 💥🔥 A blazing finish to our first innings! Naveen unleashed a quick-fire knock just when we needed it, pushing us to a strong total and setting the tone for a dominant win. What a finish"
496284596_996430205941302_8121434196793373288_n.jpg,02_cricket_player_profiles_and_awards,caption,Matched player-profile or cricket award keywords.,"Man of the Match – Shehan Senarath 🏏🔥 Led from the front and gave the perfect start to the innings, setting the platform for a smooth and confident chase. A true captain's knock in yet another Bloomfield Knights victory!"
496463501_994297049487951_61856397889437334_n.jpg,01_cricket_matches_and_action,ocr,Matched match/game/action cricket keywords.,"res] SS = ie ve MCA SUMMER LEAGUE MCA: : qoket ang Division 3 wy / oa SUN 2025 4 { (3 <p oY (a) Need ¢ Ae nk BEEG ky AR RY (re ° MATCH SCHEDULE vy, Q4 HAKUNAMATATA2 29 ULTIMATE XI MAY ‘WAVERLEY GROUND | 3:00 PM JUN LABAR"
496925725_996428159274840_6129114546166637146_n.jpg,01_cricket_matches_and_action,caption,Matched match/game/action cricket keywords.,"Another win for the Bloomfield Knights! 🏏🔥  A brilliant display of fast bowling and spin set the tone, and the boys chased down the target with ease for a comfortable victory in our second match of the MCA League Divisio"
497457262_997537652497224_1690839305986741266_n.jpg,01_cricket_matches_and_action,caption,Matched match/game/action cricket keywords.,"Second league match of the MCA League Division 3 – A tough battle on the field, but luck wasn’t on our side this time. Proud of the Bloomfield Stars for the spirit and fight till the very end. Heads held high – we’ll com"
497557942_997538569163799_8267536507949603647_n.jpg,02_cricket_player_profiles_and_awards,caption,Matched player-profile or cricket award keywords.,"Back-to-back brilliance from Naveen Fernando! 🌟   Last game's Man of the Match continues his stellar form, delivering once again with both bat and ball. A true star for the Bloomfield Stars! 💥🏏  . . . . . . #NaveenFernan"
499156003_1003795371871452_1569696546599594488_n.jpg,02_cricket_player_profiles_and_awards,ocr,Matched player-profile or cricket award keywords.,{@eay) MCA SUMMER LEAGUE N Le. PREMIER DIVISION e& 2025 _ — PLAYER PROFILE ‘4 4 \ L Role: All-rounder 4 Batting Style: Right Handed Bat Bowling Style: Right-arm Fast Medium —x ## BLOOMFIELD CC —a
499300296_1003795461871443_6116129830688933833_n.jpg,02_cricket_player_profiles_and_awards,ocr,Matched player-profile or cricket award keywords.,"{@eay) MCA SUMMER LEAGUE as Le. PREMIER DIVISION fan » 2025 3 S — 4 RANA - S ) q PLAYER PROFILE yon fe Gg Se Role: Bowler ? | Batting Style: Right Handed Bat ""Avn Bowling Style: Right-arm Fast 3) as ~ ## BLOOMFIELD CC G)"
499410901_1003795018538154_3766176636490839189_n.jpg,01_cricket_matches_and_action,ocr,Matched match/game/action cricket keywords.,SS 2025 f we  CHALIND Ae  Role: Wicket Keeper - a) a <a  Batting Style: Right Handed Bat f S > * % 7 » | __i# BLOOMFIELD Cc SyMRVELD
499414482_1003794931871496_6933196985590599740_n.jpg,02_cricket_player_profiles_and_awards,ocr,Matched player-profile or cricket award keywords.,"aa PREMIERDIVISION f = 2025 ey HIRUSHA sf . WEERASEKARAS, yy PLAYER PROFILE a € ZA Betting Styles. Lert Handed Bat z» q Bowling Style: Slow Left-arm G) [OO Min. ## BLOOMFIELD CC"
499418883_1004215225162800_7704059795646641358_n.jpg,01_cricket_matches_and_action,ocr,Matched match/game/action cricket keywords.,"(@ay) MCA SUMMER LEAGUE —~ DILSHAN ant , MORAWALIYADD: > Role: Wicket Keeper : Ve Batting Style: Right Handed Bat ' - eo P= BOY Day ## BLOOMFIELD KNIGHTS"
499422664_1002806441970345_8527590108112717483_n.jpg,01_cricket_matches_and_action,caption,Matched match/game/action cricket keywords.,Second Win of the Season – MCA Division 3 ⭐  Solid performance by the Bloomfield Stars as we secured our second win of the season against the talented Manitoba U19 team! 💪🔥 A great all-round effort and a step forward in
499427836_1004215735162749_6278196172659341152_n.jpg,02_cricket_player_profiles_and_awards,ocr,Matched player-profile or cricket award keywords.,"{@eay) MCA SUMMER LEAGUE ca DIVISION 2 . @® ACA> 2025 N YW -—~ LEKAMGE~ ; . ’ PLAYER PROFILE ia ® ZA Role: Batsman al Batting Style: Left Handed Bat Bowling Style: Right-arm Offbreak —x ## BLOOMFIELD KNIGHTS PERKS, —a"
499491982_1003794818538174_8472311186999195234_n.jpg,02_cricket_player_profiles_and_awards,ocr,Matched player-profile or cricket award keywords.,"aan ‘ae ait i [E)) rremenoivsion” i, 2025 PLAYER PROFILE foal (Z Role: All-rounder ~~ Batting Style: Right Handed Bat IN Be y= Bowling Style: Right-arm Fast Medium V/. SN —x ## BLOOMFIELD CC G) —a"
499512017_1003794721871517_4211771145010510429_n.jpg,02_cricket_player_profiles_and_awards,ocr,Matched player-profile or cricket award keywords.,i ey  MADHURANGA BANDARA sj > (C) a : G  ia ZA PLAYER PROFILE af? Role: Batsman | Batting Style: Left Handed Bat Bowling Style: Right-arm offbreak ## BLOOMFIELD CC * \ .
499554849_1003795268538129_8135980788324200340_n.jpg,02_cricket_player_profiles_and_awards,ocr,Matched player-profile or cricket award keywords.,"aa PREMIERDIVISION Mee 2025 LS cN\  PRAGEETH i, NS PLAYER PROFILE  Role: Bowler -  Batting Style: Right Handed Bat  Bowling Style: Right-arm Fast 1  SS als! ## BLOOMFIELD CC"
499585679_1002807548636901_1783232571619242653_n.jpg,02_cricket_player_profiles_and_awards,caption,Matched player-profile or cricket award keywords.,"🌟 Man of the Match – Pashma Nanayakkara 🌟  The experienced campaigner stepped up when it mattered most! 💥 With a brilliant all-round performance, Pashma Nanayakkara led from the front and steered the Stars to a well-dese"
499636222_1004906388427017_7271897801021795522_n.jpg,02_cricket_player_profiles_and_awards,ocr,Matched player-profile or cricket award keywords.,"aa MEI SUMPAER LEAGUE  SS 225 i  RALSTON 7  DE ZILVA =X 2m"" @2A  PLAYER PROFILE ; 1  Role: Batsman a  Sawitag Seyte: Rightarm Median y “8oyo=  ## BLOOMFIELD STARS ‘©) on 1)"
499679090_1003795231871466_5499800565591410592_n.jpg,02_cricket_player_profiles_and_awards,ocr,Matched player-profile or cricket award keywords.,SS an Et 2025 am CHINTHAKA » ~~ WIJAYASINGHE® a” GA PLAYER PROFILE - Role: All-rounder ( Batting Style: Right Handed Bat ” Bowling Style: Slow Left-arm  SLYOMFIED  _f# BLOOMFIELD Co G)
499701815_1004215001829489_2339233599544831682_n.jpg,02_cricket_player_profiles_and_awards,ocr,Matched player-profile or cricket award keywords.,{@eay) MCA SUMMER LEAGUE BUDDHI y os ( RASATHMA D> PLAYER PROFILE eA a iG / A Role: All-rounder | Batting Style: Left Handed Bat Bowling Style: Right-arm Offbreak  ## BLOOMFIELD KNIGHTS asm
499715603_1004215358496120_5718950161823698574_n.jpg,01_cricket_matches_and_action,ocr,Matched match/game/action cricket keywords.,qe MCA SUMMER LEAGUE DIVISION 2 2025 ‘ p \ THULASI y ; Role: Batsman Batting Style: Right Handed Bat ' Bowling Style: Right-arm Offbreak A ») » ] —x ~ —a
499719621_1004906691760320_8293753308392934404_n.jpg,02_cricket_player_profiles_and_awards,ocr,Matched player-profile or cricket award keywords.,"(@eay) MCA SUMMER LEAGUE g ~ ED ousons @& LEKAMGE~ , PLAYER PROFILE ia ® ZA Role: Wicket-keeper al Batting Style: Left Handed Bat ## BLOOMFIELD STARS G) —x PKS"
499792939_1004214955162827_6855587610354237957_n.jpg,01_cricket_matches_and_action,ocr,Matched match/game/action cricket keywords.,&  SHEHAN  SENARATH otk \w ns Roles All-rounder . | ## BLOOMFIELD KNIGHTS Soo MRIELY
499821689_1002805021970487_5263169931646819262_n.jpg,01_cricket_matches_and_action,caption,Matched match/game/action cricket keywords.,"🌟 Star of the Match – Weerakkodige Weera Shalana 🌟 In a nail-biting encounter that went down to the wire, one name stood tall, Weerashalana delivered a stellar performance that kept us in the fight till the very end. 💥🔥"
499863597_1003795508538105_4356017473447390514_n.jpg,02_cricket_player_profiles_and_awards,ocr,Matched player-profile or cricket award keywords.,{@eay) MCA SUMMER LEAGUE g  = bes DIVISION  MATHISHA ae. SAMARAWICKRAMA  PLAYER PROFILE a Ss © Role: Bowler  Batting Style: Right Handed Bat =)  Bowling Style: Right-arm Fast j  ## BLOOMFIELD CC G)
499891742_1002803888637267_7144279972629199021_n.jpg,01_cricket_matches_and_action,caption,Matched match/game/action cricket keywords.,3rd Match of the Season – MCA Division 2 🏏  A tightly contested battle that unfortunately didn’t swing in our favor this time. 💔 A hard-fought game by the Knights till the very end proud of the fight and the spirit shown
499910119_1003795128538143_8700333362128088003_n.jpg,02_cricket_player_profiles_and_awards,ocr,Matched player-profile or cricket award keywords.,S 75 ” q pA MENDIS) =~ LW a D PLAYER PROFILE ‘a S a) DP | Role: Batsman 1 Batting Style: Right Handed Bat Bowling Style: Right-arm off spin — G) -UOMFIELD ## BLOOMFIELD CC
499942707_1004215298496126_1897706219486643928_n.jpg,02_cricket_player_profiles_and_awards,ocr,Matched player-profile or cricket award keywords.,{@eay) MCA SUMMER LEAGUE ca DIVISION 2 Ry wee 7025 ye a 4 NARENDRAN =) PLAYER PROFILE | & \ Role: Batsman \ Batting Style: Right Handed Bat Bowling Style: Right-arm Offbreak —— G) wb Anes ## BLOOMFIELD KNIGHTS —a .
499944394_1004906921760297_5202464531305217140_n.jpg,02_cricket_player_profiles_and_awards,ocr,Matched player-profile or cricket award keywords.,aa DMSIONG 2025 — DHANANJAYA ' PLAYER PROFILE ay) bs | ye fF Batting Style. Right Handed Bat ; } Bowling Style: Right-arm Fast Medium } ## BLOOMFIELD STARS ‘©) Peoria — 7 |
499960415_1004215575162765_2829363149101211688_n.jpg,02_cricket_player_profiles_and_awards,ocr,Matched player-profile or cricket award keywords.,@ Dwsions LEAGUE y N y  LUDEEHSA  PLAYER PROFILE jm) |  Role: Bowler a Batting Style: Right Handed Bat  Bowling Style: Right-arm Medium Fast ## BLOOMFIELD KNIGHTS G) SCUSMEIELID
499975340_1004906471760342_377760610606660039_n.jpg,01_cricket_matches_and_action,ocr,Matched match/game/action cricket keywords.,"@ oon ,  ANIL ae a DASANAYAKE Wz Role: Bowler 7) A ate } | ey Batting Style: Right Handed Bat ‘any is Bowling Style: Slow Left-arm | Ad  > ## BLOOMFIELD STARS x pa ). i 5 >"
499998152_1004215645162758_8564910984784796257_n.jpg,02_cricket_player_profiles_and_awards,ocr,Matched player-profile or cricket award keywords.,aa bone  WEERAKKODIGE Aen Pr WEERASHALAN. a 4 WN PLAYER PROFILE posed ‘ (=~ Batting Style. Right Handed Bat Bowling Style: Right-arm Fast ## BLOOMFIELD KNIGHTS G) ; SLUOMFIELD
500034414_1004906221760367_549950371828152836_n.jpg,01_cricket_matches_and_action,ocr,Matched match/game/action cricket keywords.,(@eay) MCA SUMMER LEAGUE PASHMA PO) Role: All-rounder Za Batting Style: Right Handed Bat ye \ Bowling Style: Right-arm Medium = © — ## BLOOMFIELD STARS —— Sia
500074649_1004906425093680_7732325191000169944_n.jpg,01_cricket_matches_and_action,ocr,Matched match/game/action cricket keywords.,a MCA SUMMER LEAGUE DIVISION 3 2025 = (ee NANDASIRI fin ~  \Wm La. EN 4 Role: Bowler . Batting Style: Left Handed Bat Yy vi Va es Bowling Style: Left-arm Fast Medium ee ys P ## BLOOMFIELD STARS K. AO — pat SOA KKE
500081440_1003795061871483_7508047886122315223_n.jpg,01_cricket_matches_and_action,ocr,Matched match/game/action cricket keywords.,qe MCA SUMMER LEAGUE PREMIER DIVISION > cory 2025 ety f iad SANKA ! SILVA Np Ss \ . A YS 4 Role: All-rounder Se Za se Batting Style: Left Handed Bat Bowling Style: Slow Left-arm ~~ ~ —x “ : Seu ## BLOOMFIELD CC = 2/00 1h
500117328_1003795398538116_7436104435686106179_n.jpg,02_cricket_player_profiles_and_awards,ocr,Matched player-profile or cricket award keywords.,aa PREMIER DIVISION > = 2025 y sill \\  THILINA me OI S HETTIARACHCH ; LN  PLAYER PROFILE = pe ) Z  Role: All-rounder i \  Batting Style: Right Handed Bat  Bowling Style: Right-arm Fast  ## BLOOMFIELD CC — AED
500163962_1004906078427048_8409032128704296327_n.jpg,02_cricket_player_profiles_and_awards,ocr,Matched player-profile or cricket award keywords.,"aa DNISIONS = 2025 A KRISHANTHA : é < \Hv,  (VC)  PLAYER PROFILE A | ib ; Bowling Style: Right-arm Offbreak ae < ## BLOOMFIELD STARS DEUUMEIELD"
500198946_1004906341760355_7942301676283313479_n.jpg,01_cricket_matches_and_action,ocr,Matched match/game/action cricket keywords.,"qe MCA SUMMER LEAGUE DIVISION 3 2025 S 5 \ CHATHURANGA . ~“ AX \ Ta a ag ye IN \ ~ —_)\ S J Role: All-rounder \ Batting Style: Right Handed Bat , - Bowling Style: Right-arm Medium “4 | 4 ## BLOOMFIELD STARS —a >i —— |"
500230882_1004906521760337_150141365366610201_n.jpg,01_cricket_matches_and_action,ocr,Matched match/game/action cricket keywords.,aa DVSIONS  S 75 i> AYESH . MUTHUKUMARANA® JZ) : Roles Bowler ; pal Ja See ae fen a. Si | ## BLOOMFIELD STARS ra of ee) |
500230986_1004906748426981_7621035001168210693_n.jpg,01_cricket_matches_and_action,ocr,Matched match/game/action cricket keywords.,"qe MCA SUMMER LEAGUE DIVISION 3 i  —_ YASAS is _ WE A y y/ Role: All-rounder io Batting Style: Right Handed Bat ii = min DY ” ff, Bowling Style: Right-arm Medium § 3 in ipo ## BLOOMFIELD STARS an’ R pecs"
500285180_1004906045093718_7746208330796371046_n.jpg,01_cricket_matches_and_action,ocr,Matched match/game/action cricket keywords.,qe MCA SUMMER LEAGUE DIVISION 3 2025 2 BUDDHIKA di ' ai \@ +. ABE YRATHNEw*y ~ > 4 (C) hat y ) ~ J Role: All-rounder f Batting Style: Right Handed Bat \ Bowling Style: Right-arm Medium = ie 4 A — fis- ) / Py fay ey. | ##
500409712_1004218191829170_6200133773386915434_n.jpg,01_cricket_matches_and_action,ocr,Matched match/game/action cricket keywords.,"2] MCA SUMMER LEAGUE DIVISION 2 , . “MCA: 2025 | a \ p « Mont?) “fl GAYAN ro Role: Bowler Batting Style: Right Handed Bat Bowling Style: Right-arm Fast Medium ## BLOOMFIELD KNIGHTS vir) ‘]"
500491354_1004215411829448_1305279636323648398_n.jpg,02_cricket_player_profiles_and_awards,ocr,Matched player-profile or cricket award keywords.,aa bone SACHITHANANTHAN ; 2 {  PLAYER PROFILE m4 Fi : G Z a Role: All-rounder : vi Batting Style: Right Handed Bat  Bowling Style: Right-arm Medium Fast ## BLOOMFIELD KNIGHTS ‘©) BLOO jee
500527966_1004215108496145_7556546515601660462_n.jpg,02_cricket_player_profiles_and_awards,ocr,Matched player-profile or cricket award keywords.,"{@eay) MCA SUMMER LEAGUE ca DIVISION 2 F 2025 — fr ""A PLAYER PROFILE jaa vr“ Role: All-rounder Batting Style: Right Handed Bat mae. LJ A Bowling Style: Right-arm Fast Medium = ## BLOOMFIELD KNIGHTS Ne — WEES"
500634806_1004906598426996_1441159108181341241_n.jpg,02_cricket_player_profiles_and_awards,ocr,Matched player-profile or cricket award keywords.,aa DMSIONS  = 2025  NAVEEN te ’  PLAYER PROFILE A @ A ole: All-rounder  Batting Style: Right Handed Bat G - =z  Bowling Style: Right-arm Fast Medium |  ## BLOOMFIELD STARS ‘©) SLOOMEFIELD
500706197_1004215045162818_7317637185965603653_n.jpg,02_cricket_player_profiles_and_awards,ocr,Matched player-profile or cricket award keywords.,"aa owns row CHINTHAKA i, Dr WIJAYASINGHE® a” GA PLAYER PROFILE - © BLUOWIFIELD"
500708230_1004906175093705_3005811641065276319_n.jpg,01_cricket_matches_and_action,ocr,Matched match/game/action cricket keywords.,qe MCA SUMMER LEAGUE DIVISION 3 “MCA 2025 > ie Z > / . Role: Wicket-keeper Batting Style: Right Handed Bat —x ff (so yj AV NA ## BLOOMFIELD STARS A PN | \ —x bE = + ed: ad os
500709505_1007726951478294_8392627191435537889_n.jpg,01_cricket_matches_and_action,caption,Matched match/game/action cricket keywords.,Match 2 ✅ | Bloomfield CC off to a flying start!  A comprehensive victory in our opening game of the MCA League 2025! 💪 Brilliant all-round performance from the team — setting the tone for the season ahead. 🌟 Let’s keep
500709833_1004250458492610_1559418247594284311_n.jpg,01_cricket_matches_and_action,ocr,Matched match/game/action cricket keywords.,"qe MCA SUMMER LEAGUE 6) DIVISION 2 wee 7075 SET i al NAVEENDR# bead fi Ay , \ se FERNANDO) AB V Role: Bowler \ ‘i Batting Style: Left Handed Bat a Ge Bowling Style: Right-arm Fast Medium , th: a ee fi | BS ): ## BLOOMFIE"
500709844_1007763108141345_1322164488571750266_n.jpg,01_cricket_matches_and_action,caption,Matched match/game/action cricket keywords.,A historic first victory for Bloomfield Stars as they kick off their Division 3 journey! Massive congratulations to the team.This is just the beginning. Here's to many more wins ahead!
500734024_1007728664811456_4135635240526768443_n.jpg,02_cricket_player_profiles_and_awards,caption,Matched player-profile or cricket award keywords.,🌟 Man of the Match – Hirusha Kavinda Weerasekara 🌟  The star of last season picks up right where he left off! 🔥 A brilliant all-round performance with both bat and ball to seal a convincing win for Bloomfield CC in Match
500736813_1004906625093660_4446583286024951104_n.jpg,01_cricket_matches_and_action,ocr,Matched match/game/action cricket keywords.,"qe MCA SUMMER LEAGUE DIVISION 3 2025 5) » FERNANDO we, N - EON Role: Bowler Wa 4 Batting Style: Left Handed Bat \. {7 7 Bowling Style: Right-arm Fast Medium —ax oe, ## BLOOMFIELD STARS CSO —a"
500737319_1004215695162753_148786954372643893_n.jpg,01_cricket_matches_and_action,ocr,Matched match/game/action cricket keywords.,"qe MCA SUMMER LEAGUE DIVISION 2 7  —_ YASAS is _ SA (Oa WE A y y/ Role: All-rounder io Batting Style: Right Handed Bat ii = min DY ” ff, Bowling Style: Right-arm Medium § 3 ee fi | Bs ): ## BLOOMFIELD KNIGHTS N ase y; an"
502608588_1024192156498440_1637190460346900908_n.jpg,01_cricket_matches_and_action,caption,Matched match/game/action cricket keywords.,🔥 Nail-biting finish in a low-scoring thriller! 🔥  Bloomfield Stars held their nerve to seal victory in our 5th match of the MCA League Division 3! 💪🎯 A superb bowling performance paved the way for this hard-fought win.
502857404_9966188180103516_2833042547081897366_n.jpg,03_cricket_team_and_tournament_announcements,ocr,Manual visual override after contact-sheet review.,"a Ve / Vo"", Ve Va _ © PWR @ Mee sae & F ie"
503576316_1012125547705101_9151591857405484709_n.jpg,01_cricket_matches_and_action,caption,Matched match/game/action cricket keywords.,"🏏 Match 4 🏏 🌟 Star of the Match: Buddhika Abeyratne 🌟  A classic half-century from our skipper 🔥 — leading from the front and anchoring the innings with class and composure 💯 Thanks to his brilliant knock, we posted a st"
503747180_1012124154371907_7361949291744787091_n.jpg,01_cricket_matches_and_action,caption,Matched match/game/action cricket keywords.,"🌟 Bloomfield Stars Match 4 – MCA League Division 3, 2025 🌟  A high-scoring thriller that didn’t go our way 💔 Despite a valiant effort with the bat 🏏, Bloomfield Stars fell short in a tough contest. It was a hard day out"
508151604_1021623676755288_578367401751167114_n.jpg,02_cricket_player_profiles_and_awards,caption,Matched player-profile or cricket award keywords.,"🎯 Man of the Match: Sanka Silva 🏆  Pure brilliance with his left-arm orthodox magic, weaving a web of mystery around the opposition batters! 🌀🎳 A match-winning spell that set the tone for our second consecutive victory!"
508418229_1021622506755405_3213426750571597611_n.jpg,01_cricket_matches_and_action,caption,Matched match/game/action cricket keywords.,🏏 Back-to-Back Wins! 🔥  A convincing victory for Bloomfield CC in our 3rd match of the MCA Summer League Premier Division! 💪  A brilliant all-round team effort led by a dominant bowling performance sealed our second cons
508444779_1022063146711341_4560336700845366061_n.jpg,01_cricket_matches_and_action,caption,Matched match/game/action cricket keywords.,"🏏 Thrilling Victory for Bloomfield Knights! 💥  A nail-biting finish in our 5th match of the MCA Summer League Division 2, ending with a hard-fought win our 3rd of the season! 🙌  The batters set up a solid platform with a"
508606511_1022064660044523_6103904868488211642_n.jpg,02_cricket_player_profiles_and_awards,caption,Matched player-profile or cricket award keywords.,"🏆 Man of the Match: Weera Shalana! 🔥  A maiden fifer in style! 🎯💥 Weerashalana unleashed his right-arm pace to dismantle the opposition batting lineup, delivering a match-winning spell that turned the game in our favour."
509434898_1024193756498280_1098313117177781337_n.jpg,02_cricket_player_profiles_and_awards,caption,Matched player-profile or cricket award keywords.,"🎖️ Man of the Match Alert! 🎖️  A brilliant spell by our senior pro Pashma Nanayakkara, leading from the front with a match-winning 4-wicket haul! 🎯🔥 His experience and skill turned the game in our favor in this low-scori"
510721103_1026675679583421_5537638333303866654_n.jpg,01_cricket_matches_and_action,caption,Matched match/game/action cricket keywords.,"💥 Fought Hard, Fell Short! 💥  Bloomfield Stars showed great character in the run chase during our 6th match of the MCA League Division 3. 🏏💪 The batters put up a strong fight against a challenging target, but it just was"
512226275_1030467072537615_338758461489901983_n.jpg,03_cricket_team_and_tournament_announcements,caption,Bloomfield cricket context detected (fallback).,"🌟 Proud Moment! 🌟  Our very own senior player, Ralston de Zilva, has made us all proud by representing the Manitoba Provincial Over-40 Team and clinching the title at the Inter-Provincial Masters Cricket Tournament 2025!"
513086474_1026677122916610_9089173239003822487_n.jpg,01_cricket_matches_and_action,caption,Matched match/game/action cricket keywords.,"🌟 Star of the Match – Once Again! 🌟  Our senior warrior Pashma Nanayakkara rises to the occasion yet again! 💪👏 With a gritty and unbeaten knock, he anchored the innings and led the batting line-up in a hard-fought chase."
515006128_1034425342141788_2711703645058084114_n.jpg,01_cricket_matches_and_action,caption,Matched match/game/action cricket keywords.,"Comprehensive win in Match 4 - Bloomfield CC! 💪🔥  A dominant performance by the bowling unit restricted the opponents to a low total, and our openers chased it down in style. 🌟 That’s our 3rd consecutive victory in the M"
515012451_1047760860808236_7042690357552849819_n.jpg,02_cricket_player_profiles_and_awards,caption,Matched player-profile or cricket award keywords.,"🌟 Star Performer – Bloomfield CC - Match 6 🌟 Hirusha Kavinda spins his magic once again! 🧙‍♂️💫 With his crafty left-arm orthodox, he kept the pressure on and delivered when it mattered most. 🔥🎯 Well bowled, Hiru! 🟡⚫  . ."
515015429_1041101791474143_6334890330523187291_n.jpg,01_cricket_matches_and_action,caption,Matched match/game/action cricket keywords.,"🏏 Match 5 | MCA Summer League Premier Division  Another One in the Bag! 💪🔥 Bloomfield CC secures their 4th consecutive win with a dominant all-round performance! Brilliant work by both our batters and bowlers, true team"
515038540_1034426455475010_4665837420506921413_n.jpg,02_cricket_player_profiles_and_awards,caption,Matched player-profile or cricket award keywords.,"Man of the Match 🏅🔥  Prageeth Wasala set the tone early with a fiery spell of right-arm pace, dismantling the opponents’ top order and putting Bloomfield CC in control from the start. 💥💪 A match-winning performance that"
515207029_1041102811474041_2200421037791829663_n.jpg,02_cricket_player_profiles_and_awards,caption,Matched player-profile or cricket award keywords.,"🏅 Man of the Match – Match 5 | MCA Premier Division  Hirusha Kavinda does it again! 🔥 His second Man of the Match award this season, another brilliant spell with the ball, proving once again why he's our golden arm! 💪🎯 K"
515439024_1034432378807751_4193147243536233989_n.jpg,02_cricket_player_profiles_and_awards,caption,Matched player-profile or cricket award keywords.,"Star Performer Yet Again 🌟🔥 Pashma Nanayakkara delivers for the 3rd time in a row this season! The senior man dominated with both bat and ball, leading from the front. 💪 What a talent and an inspiration for Bloomfield St"
515442025_1034435838807405_6503310427013882326_n.jpg,01_cricket_matches_and_action,caption,Matched match/game/action cricket keywords.,"Record-Breaking Blast! 🚀🔥  Thilina Hettiarachchi smashed the fastest half-century ever for Bloomfield, just 15 balls with 3 fours and 7 massive sixes! 🎯💥  He lit up the ground, scoring an unbelievable 65 runs in the last"
515444342_1034430728807916_2324866648157657390_n.jpg,01_cricket_matches_and_action,caption,Matched match/game/action cricket keywords.,"A Hard-Fought Battle 💥 Match 7 in the MCA Summer League Division 3 ended in a narrow defeat for Bloomfield Stars. Tough luck, team. What a fight by both our bowlers and batters right till the end. Proud of the effort! 🙌🏏"
515490787_1034429042141418_3429511374660276030_n.jpg,02_cricket_player_profiles_and_awards,caption,Matched player-profile or cricket award keywords.,"Star Performer of the Match 🌟🔥 Despite the defeat, Ludeesha Gunawardena delivered an outstanding spell of right-arm magic, showcasing skill and heart. What a performance! 👏 A true rising star for Bloomfield Knights. 💪✨ ."
515502376_1034428022141520_161123995600066112_n.jpg,01_cricket_matches_and_action,caption,Matched match/game/action cricket keywords.,"Tough Day Out for the Knights 💔 A forgettable defeat in our MCA Summer League Division 2 match 6. Wasn’t our day, but we’ll keep our heads up and come back stronger. 💪🏏 On to the next one, Bloomfield Knights! . . . . . ."
517108040_1041120871472235_4967106543953505480_n.jpg,02_cricket_player_profiles_and_awards,caption,Matched player-profile or cricket award keywords.,"📸 Memories from Last Week | MCA Summer League 2025  Cherishing the winning moments with our Man of the Match award presentations from both Bloomfield CC and Bloomfield Knights teams! 🏏💙 Proud of the performances, passion"
517401681_1041123131472009_6841690646132506765_n.jpg,01_cricket_matches_and_action,caption,Matched match/game/action cricket keywords.,🏏 Match 8 | MCA Summer League Division 3  Bloomfield Stars Shine Bright Again! 🌟 A comprehensive win to make it our 4th victory of the season! Top-notch performances from both batters and bowlers sealed the game in style
518277242_1041125254805130_101310158743162671_n.jpg,02_cricket_player_profiles_and_awards,caption,Matched player-profile or cricket award keywords.,"🏅 Man of the Match – Match 8 | MCA League Division 3  A solid all-round performance by Ishara Lekamge! 💪 Played a composed knock, narrowly missing a half-century, and backed it up with 2 key wickets with the ball. A true"
518356542_1047759710808351_2416177936030938884_n.jpg,01_cricket_matches_and_action,caption,Matched match/game/action cricket keywords.,"🏏Bloomfield CC Match 6 – MCA Premier Division 2025  A tough day at the office for Bloomfield CC. Things didn’t go our way this time, a pretty unfortunate loss. Hard luck, team! Let’s regroup and come back stronger. 💪🟡⚫"
522730834_1049605003957155_6242441079325443078_n.jpg,05_community_events_mixed,caption,Matched community/culture event keywords.,"🏏The 17th Annual Bloomfield Sixes is Happening! 🏏 Presented by Bloomfield Cricket Club  📅 Date: Saturday, July 26th 📍 Venue: St. Vital Park Soccer Grounds, Winnipeg  Join us for a thrilling day of six-a-side cricket, com"
535954598_1072934244957564_7010174243430709302_n.jpg,02_cricket_player_profiles_and_awards,caption,Matched player-profile or cricket award keywords.,🌟 Star Performer – Bloomfield Stars (Match 11) 🌟  A bright spark in a tough game – Himasha Jayawardane delivered an impactful all-round performance with both bat and ball! 🔥👏 The young and emerging talent continues to ma
536264678_1072167848367537_630804958798771996_n.jpg,02_cricket_player_profiles_and_awards,caption,Matched player-profile or cricket award keywords.,"⭐ Star Performer – Bloomfield Knights - Match 8 ⭐  In a tense, low-scoring battle, our experienced campaigner Anuradha Kariyawasam shone with both bat and ball! 🎯🏏 His all-round effort was a standout in the game, showcas"
536270408_1072164525034536_2771834714778127066_n.jpg,02_cricket_player_profiles_and_awards,caption,Matched player-profile or cricket award keywords.,"🌟 MVP of the Match – Bloomfield CC (Match 7) 🌟  Despite the tough loss, our vice-captain Suren Tharanga Darshana stood tall with a gritty and determined knock 👏. Falling just short of another well-deserved half-century,"
536283856_1073931971524458_4718249785644350744_n.jpg,01_cricket_matches_and_action,caption,Matched match/game/action cricket keywords.,MATCH 8 ✅ | Bloomfield CC – MCA Premier Division 2025  What a comeback victory! 💪🔥 The boys showed true character and teamwork to bounce back in style. A complete team effort that keeps our season alive and kicking. 👏💙
536290112_1072159191701736_7076279967343891321_n.jpg,01_cricket_matches_and_action,ocr,Matched match/game/action cricket keywords.,"a y AM was Ly @) aS ie = See, AN, AX we Oe RQ en eee CUNY, — w Se I ee = .MOAISUMMERLEAGUE™ DIVISION; MATCHRT “Mn Ve e- Pe.S 2 ish) tee ee eel mee ee 4 MAVERICKS BLOOMFIELD STARS Gays ‘ | 238-6 132-10 te da. ABHISHEK BHA"
537144593_1073933691524286_7914610241566554372_n.jpg,02_cricket_player_profiles_and_awards,caption,Matched player-profile or cricket award keywords.,"MAN OF THE MATCH 🏅 | Match 8 – MCA Premier Division 2025  For the 4th time this season, it’s none other than @Hirusha Weerasekara! 🌟 His all-round brilliance once again proved unstoppable, a true match-winner in every se"
537722677_1072159011701754_3634973480066722363_n.jpg,01_cricket_matches_and_action,ocr,Matched match/game/action cricket keywords.,"MATCH oe intel MCA SUMMER LEAGUE - PREMIER DIVISION - MATCH 07 HAKUNA MATATA BLOOMFIELD CC 213-8 (744-10 DEEPAMKUMAR PATEL 85 (@3) ‘SUREN DADALLAGE 47 (50) RAHI PATEL 61 fea SILVA 24 (24) PARTH PATEL 25 (18)|)"""" MADHURAN"
538287475_1072159098368412_2572851267681231639_n.jpg,01_cricket_matches_and_action,ocr,Matched match/game/action cricket keywords.,"ae BLOOMFIELD KIGHTS _(‘#»)] wy 124-10 125-7 NN) ANURADHA KARIYAWASAM 26 (39) ™™ ""34 (19) ™ Sej= ware i 6 ee al ~ ~~ THULASIRAM __ 18 (22) 8 r : NILESHNARENDRAN 14 (16) 5 [GURWINDERSINGHT S28), W. WEERASHALANA 14 (22) HA"
541992491_1082116084039380_2269328250657595409_n.jpg,02_cricket_player_profiles_and_awards,caption,Matched player-profile or cricket award keywords.,"Man of the Match – Sanka Silva ⭐  A classy all-round performance that sealed the game! 🔥 Great to see him back in form, reminding everyone of the true talent he is for Bloomfield. 💙  . . . . . . . . . . #BloomfieldCricke"
542306643_1082126720704983_5777635475691961275_n.jpg,01_cricket_matches_and_action,caption,Matched match/game/action cricket keywords.,"🏏Match 9 | Bloomfield Knights – MCA League Division 2 2025 ✨  Another close battle that could have gone our way, but we fell just short this time. 💔 Injuries continue to test the team, making it tough days on the field."
542688897_1082128484038140_3041035299039153551_n.jpg,02_cricket_player_profiles_and_awards,caption,Matched player-profile or cricket award keywords.,🔥 Star Performer – Buddhi Rasathmaka 🌟  The experienced campaigner and vice-captain led from the front with his mystery spin and classy left-handed batting. 🏏💪 Fought hard till the end a true pillar for the Knights! 💙🛡️
543334198_1082114427372879_1059013563328515515_n.jpg,01_cricket_matches_and_action,caption,Matched match/game/action cricket keywords.,"🏏Match 9 | Bloomfield CC – MCA Premier Division 2025 🏆  Another commanding win for Bloomfield CC! 💪 A complete display of all-round cricketing brilliance, leaving no room for the opposition. 🔥 One step closer to the big"
545670635_10172100717905414_8924196383265894792_n.jpg,05_community_events_mixed,ocr,Manual visual override after contact-sheet review.,"NS \\ \ ] / ] S ——— Em =< \ - ¢ ri} / “a —— ""* jaa, BP bh ae |) ee Sate) eM ke R — | ' si). rAd | wT @ ash |"
545860542_1088347410082914_6117077226264794275_n.jpg,01_cricket_matches_and_action,caption,Matched match/game/action cricket keywords.,"🔥 Match 10 | MCA League Division 2 - 2025 🔥  What a fight from the Knights! 💪 A stunning 💯+ stand from the top order had us charging strong, but the game slipped away in the final moments. 😔 Another close battle, so clos"
545901863_1088073823443606_6628771888011878071_n.jpg,01_cricket_matches_and_action,caption,Matched match/game/action cricket keywords.,"Back-to-back brilliance! 🌟🔥  For the second match in a row, Sanka Silva delivers an all-round masterclass, a solid opening stand with the bat and a magical left-arm spell with the ball. 💥 A true game-changer for Bloomfie"
545967826_10172100717925414_8068603395201956935_n.jpg,05_community_events_mixed,ocr,Manual visual override after contact-sheet review.,2 ie dam SG fy Wd { | y 7 im = 1 é = | y ! ~2ie a ieee ie : =. <——
546416027_10172100718345414_6673173428620800353_n.jpg,05_community_events_mixed,ocr,Manual visual override after contact-sheet review.,"| = sf aly a eines a . h, "" = 7 r —_ = fj . ose - \ ie Za zi | N Se"
546417758_1088787906705531_3762115490458616008_n.jpg,02_cricket_player_profiles_and_awards,ocr,Matched player-profile or cricket award keywords.,"= ri BLOOMFIELD STARS y LEADING MVP a POINTS 2025 season 1 Bere eit 53.2 Ie a. /g~N 2 ISHARALEKAMGE 45.6 Nem 3 NAVEEN FERNANDO 30.5 = 4 eaeienmiedietsien 28.25 > g KRISHANTHACHAMARA = 19,3 av “4y"
546613559_1088787863372202_6038329194721746559_n.jpg,02_cricket_player_profiles_and_awards,ocr,Matched player-profile or cricket award keywords.,"BLOOMFIELD STARS : ee . ws ‘ Seen ~ 4 , » LEADING WICKETS ae TAKERS ome 2025 season J PASHMA NANAYAKKARA Z 1 Inn : g | Econ : 6.07 | Avg : 15 | Overs : 35.1| Runs : 213 | Maidens : 2 14 \ he Inn : 8 | Econ : 9.16 | Avg :"
546617204_10172100717915414_5987928632981191297_n.jpg,05_community_events_mixed,ocr,Manual visual override after contact-sheet review.,. ee i = ae = = > | -\ ‘Ss / = \ = ] j 3 2 OL OD | ae
546619861_1088787813372207_4837036035698477670_n.jpg,02_cricket_player_profiles_and_awards,ocr,Matched player-profile or cricket award keywords.,"| MCA LEAGUE 2025 ys A < > ‘ mca: DIVISION 3 — BLOOMFIELD STARS = ,. ="" LEADING RUNS SS 2025 season y Pe » 1 aida tata ea ahr 1148:2716s:3 296 - ) 2 PASHMA NANAYAKKARA 172 a Inn: 8 | Avg: 28] SR:941HS:77150s:11 45:15 6s:"
546621941_1088351906749131_3528187960532946649_n.jpg,02_cricket_player_profiles_and_awards,caption,Matched player-profile or cricket award keywords.,"⭐ Star Performer – Match 10 ⭐  The experienced campaigner, Nilesh Narendran, led from the front! 🙌 With an outstanding all-round show with both bat and ball, he gave the Knights a real fighting chance. 💪🔥 True backbone o"
546630351_10172100717920414_8158934670806527705_n.jpg,05_community_events_mixed,ocr,Manual visual override after contact-sheet review.,"| | = —$—$$ Ey COURTYARD | De ce aA | ea A SG \ = A A  <y fi ig} | i | = 1 Ry bs  Ss Po | ee PY, “a"
547033937_10172100718395414_3777495266276516879_n.jpg,05_community_events_mixed,ocr,Manual visual override after contact-sheet review.,SS: a —_ ot) aay : a
547071246_1088345133416475_1072290652938749279_n.jpg,01_cricket_matches_and_action,caption,Matched match/game/action cricket keywords.,"🏏Match 10 | Bloomfield CC – MCA Premier Division 2025 🏆  A tough day out for Bloomfield CC with an unexpected close defeat in challenging weather conditions. ❄️ It wasn’t our day, but the fight was always there until the"
547281464_1088764703374518_8415261096384703270_n.jpg,01_cricket_matches_and_action,caption,Matched match/game/action cricket keywords.,🏆 Player of the Match – Match 12 🏆  @Dhananjaya Chandrasekara steps up in style to close out the season! 🔥 Valuable runs with the bat sealed the victory and wrapped up the Stars’ campaign on a high note. 🌟👏 What a way to
547374311_1088757043375284_8643603160159896535_n.jpg,01_cricket_matches_and_action,caption,Matched match/game/action cricket keywords.,"✨ Match 12 | MCA League Division 3 - 2025 ✨  The Stars finish their season in style with a comprehensive victory! 🌟👏  It’s been a great journey in MCA Division 3 this year – full of fight, passion, and memories. 💙 A perf"
548309676_1093582652892723_7045740450011075556_n.jpg,01_cricket_matches_and_action,caption,Matched match/game/action cricket keywords.,"🏏Match 11 | Bloomfield CC – MCA League - Premier Division 2025 💫  A comprehensive victory for Bloomfield in a reduced-over thriller keeps our tournament hopes alive! 🌟 With this win, we still remain in contention for a t"
549785073_1093584786225843_4167774226669310855_n.jpg,02_cricket_player_profiles_and_awards,caption,Matched player-profile or cricket award keywords.,"🏆 Man of the Match – Match 11 🏆  None other than our shining all-rounder Hirusha Weerasekara! 🌟 His 5th Man of the Match award this season, proving once again why he’s a true match-winner. 🔥  With this performance, Hirus"
555938929_1101995382051450_6773915064702288289_n.jpg,01_cricket_matches_and_action,caption,Matched match/game/action cricket keywords.,"🏏Match 12 | MCA League Division 2, 2025 ⚔️  The Knights finished the season in style with a commanding victory! 💥 A strong ending that shows the spirit, fight, and determination to come back even stronger next year. 💪💙 C"
556022252_1101973598720295_2272905670888771729_n.jpg,01_cricket_matches_and_action,caption,Matched match/game/action cricket keywords.,"🏏Match 11 | MCA League Division 2, 2025 ⚔️  It just wasn’t the day for the Knights. A tough outing and a bit of hard luck for the team this time around. Onwards and upwards to the next battle! 💪🟦  . . . . . . . . . . #Bl"
556030342_1101996452051343_4117934580392356822_n.jpg,01_cricket_matches_and_action,caption,Matched match/game/action cricket keywords.,"🏆 Player of the Match – Match 12 | MCA League Division 2, 2025 🏆  Captain Shehan Senarath once again led from the front, shining with both bat and ball to seal a comprehensive win for the Knights in the season finale! 💪⚔"
557051141_1104348628482792_3636044420712332578_n.jpg,01_cricket_matches_and_action,ocr,Matched match/game/action cricket keywords.,|— G) BLOOMFIELD KNIGHTS ee LEADINGRUNS Ye 75 SCORERS 6 | 2025 season ui a h ‘ a \ a); 2 ee eee nies 203|= 7 - 4 WEERAKKODIGE WEERASHALANA 716 on >.
557496431_1101975015386820_4614097653894704246_n.jpg,02_cricket_player_profiles_and_awards,caption,Matched player-profile or cricket award keywords.,"🌟 Star Performer – Match 11 | MCA League Division 2, 2025 🌟  Skipper Shehan Senarath led from the front, delivering with both ball and bat in a tough contest. True leadership on display, setting the tone for the Knights!"
557786715_1104348758482779_4044820798019075150_n.jpg,01_cricket_matches_and_action,ocr,Matched match/game/action cricket keywords.,"C2 dwiston2 *. TAKERS «.., 2025 season ¥ z r Be  WEERAKKODIGE WEERASHALANA 17 / Inn : 11 | Econ : 7.07 | Avg : 20 | Overs : 48.3 | Runs : 343 | Maidens :1 sa - 2 SHEHAN SENARATH 12 Inn : 7 | Econ : 5.70 | Avg : 14 | Over"
564595974_1116060067311648_5167933594628499077_n.jpg,02_cricket_player_profiles_and_awards,ocr,Matched player-profile or cricket award keywords.,"* * EI MCA LEAGUE 2025 a * . oe - cise PREMIER DIVISION ‘ | , - ne BLOOMFIELD CC —— LEADING WICKETS +. ae TAKERS — °o season af \ / 2 SUREN DADALLAGE 13 ex Inn : 10 | Econ : 4.18 | Avg : 15 | Overs : 49 | Runs : 205 | Ma"
564654182_1116060110644977_5128938441793688636_n.jpg,01_cricket_matches_and_action,ocr,Matched match/game/action cricket keywords.,",. : MCA LEAGUE 2025 ' Ad . e = = PREMIER DIVISION on os ao POINTS = 2025 season Al P etre isha seer aba 92.7 ‘ 3 SUREN DADALLAGE 50.7 2 JOHN MENDIS 4 RP: 27.40| WP: 4|CP:1]RO-P:2|BP:3 37.4 HOTA SB retin tert emda 32.2"
564701303_1116060013978320_7504399307551700865_n.jpg,01_cricket_matches_and_action,ocr,Matched match/game/action cricket keywords.,"(Pi, ' ‘ ‘ y BLOOMFIELD CC a ost aay)  LEADINGRUNS (=A) #e®  SCORERS >=)  2025 season - ‘\ - 4 MADHURANGA BANDARA ay Z3  3 Inn: 9 | Avg : 351 SR: 96] HS: 62| 50s :1] 45:28] 6s:3 : & a sti"
581265872_1137999018451086_9071290500975919633_n.jpg,04_social_entertainment_low_priority,caption,Matched social/entertainment keywords.,Bloomfield Year End Party & Awards Night 2025. Excited to see you all there !
587012695_1148161127434875_2881330677591112031_n.jpg,02_cricket_player_profiles_and_awards,caption,Matched player-profile or cricket award keywords.,Bloomfield CC - Best Bowler - Hirusha Weerasekara
587076095_1148163407434647_2580795714119931768_n.jpg,04_social_entertainment_low_priority,ocr,Matched social/entertainment keywords.,".) “ s eS \e WBE IN a / y | a \ Sas D Sha ADS \e % , c-) x A —_— . : i ~ : és | ee 5 od oe * \) } gs - 4 eat i ci Bh a as es ogg ss so Sa? ‘i ee os 14d (ee ee? Me, eee ay 8S) OS ed ae 3. i, Sees RES ee an i a a peeenenaN"
587076125_1148163520767969_2258304528722019760_n.jpg,04_social_entertainment_low_priority,ocr,Manual visual override after contact-sheet review.,"se j mo S\!/ F i, a x if y a ia A \ Vj is = i Set ee <a alte, | : Ss CO Ven SN Geen | SQ VS LQ es sg A oS ea SS LS, Se y ve a & L Wings AS Neate APA if ey Sa ON My. Sue Jan / a & SS CME EE: al Ge / ©: ’ Ost, ts ee) ea 2"
587085095_1148164124101242_1438739321980068209_n.jpg,03_cricket_team_and_tournament_announcements,ocr,Bloomfield cricket context detected (fallback).,‘ y | -—Sea  Ly ane ia  Tt <> Ss s ' OS ;  . ‘—_ eet me i” \W /  ~~ m. Bloomfield Cricket and Cultural Cub | i = Lpnual Puards and Get Dagether 2025 r A ‘A s oes | _— -_.
587085107_1148164070767914_4529931153089212523_n.jpg,03_cricket_team_and_tournament_announcements,ocr,Bloomfield cricket context detected (fallback).,"i "" ve QR 5 j ia.” | “ee | A me \. RY: cl ‘9 F) r o the r : . eA SY » A — e deeeee. aN | oe < — f — ay Fy ae ne n ll a eta —.2 Ye aed); | oh ‘ “ “a sagil = Smet . pig ewe, be \ ee f ca ; "" Le f pos. 2 f a _— | i ee oe yt"
587111240_1148164494101205_3454001617145326770_n.jpg,04_social_entertainment_low_priority,ocr,Manual visual override after contact-sheet review.,"<2 “> ‘@ kee. ; - ,* ‘ ” < as S Boonfeld Cries and Caderal Ces Lprwal Hooards and Get Jogether 2025"
587133284_1148157887435199_8290723398475326013_n.jpg,02_cricket_player_profiles_and_awards,caption,Matched player-profile or cricket award keywords.,Bloomfield Knights - Best Bowler - Chinthaka Wijayasinghe
587133284_1148163844101270_5201787081668240753_n.jpg,04_social_entertainment_low_priority,ocr,Manual visual override after contact-sheet review.,: ie : 4 #s  be % 4 ‘ \ay  ae) * nd ; : fe + 4 ) eh ~~ ' - _ : i x Bloomfield Crichet and Cultural Clb Neem i nual Beards and Gee Dagethor 2025
587187587_1148163184101336_7140070304610458790_n.jpg,04_social_entertainment_low_priority,ocr,Manual visual override after contact-sheet review.,"Ni NS * Y et ed » £: ae "" we in oe ': aA’ . rf \i an ; \ ae 4 : sa) S. &  se ™ uy » oN A  emer x “af Re \\ we e  : — veal AN 4. - 4 ; r dy Ny)"
587193375_1148163264101328_6349271005264919200_n.jpg,04_social_entertainment_low_priority,ocr,Manual visual override after contact-sheet review.,"4 <> i a « = e F Poe 5 iw 4 « _—, as 2] y A tho HS SOE FE sees oh Coo , Hanes gto i a sy ee s°0Pe%00° od 000820204 ’ Pofoc 0°o soso po%2020) A . 4 * ow <2; ManitoO®"
587193519_1148161334101521_7280044020822497341_n.jpg,02_cricket_player_profiles_and_awards,caption,Matched player-profile or cricket award keywords.,Bloomfield Young Talent of the year - Ludeesha Gunawardena
587204415_1148157500768571_6430959732174212237_n.jpg,02_cricket_player_profiles_and_awards,caption,Matched player-profile or cricket award keywords.,Bloomfield Recreational Team - Best Batsman - Pathum Gunathilake
587269981_1148164427434545_6781231733075644485_n.jpg,04_social_entertainment_low_priority,ocr,Manual visual override after contact-sheet review.,"<a ? . 2 fey a r \ Ss a 7  ; pon  my Bp, BEE YY Ze SEE Sp No PEE at SE E j Fg mas ae ; Oe eee as  | Vee ie / ag Bee eames SI ene =n. ae hugs eee oe LE TE LE BB Ae eon ' Me pereeeaee ests): pala ~~ ‘ee Piual Thaands and G"
587323486_1148163794101275_5482938063844082162_n.jpg,04_social_entertainment_low_priority,ocr,Manual visual override after contact-sheet review.,"— pore! aw 2 ) : , &: H.M.C.S. CHIPP ¥ q ar (7)"
587359574_1148166304101024_5040944307505587197_n.jpg,03_cricket_team_and_tournament_announcements,ocr,Bloomfield cricket context detected (fallback).,ANG \ © O.\ Soe “i <P & MON: @ wr ¢ c ANNUAL LR A W A R D S ae BCC “a 2025 Vy BLOOMFIELD CRICKET @ AND CULTURAL CLUB PRESENTS 22-NOV-2025 C Bispeld Crt and Cabal Cricket and Cultural Cas
587382367_1148157697435218_2073617656523907045_n.jpg,02_cricket_player_profiles_and_awards,caption,Matched player-profile or cricket award keywords.,Bloomfield Stars - Best Batsman - Ishara Lekamge
587526549_1148164964101158_931610434925086908_n.jpg,04_social_entertainment_low_priority,ocr,Manual visual override after contact-sheet review.,"~~ ] ="" SY : he) , ; * ne y | > \ {| “ ', secu S - \% « 4 yA a"" 4 ‘ a~ \¥ ( j = | is ae ~ Bissipld Caches aad Cina Bi - : i eS). s, Lpnual Phuards and Ge Tagether 2025 5"
587549383_1148161290768192_1941786847032972172_n.jpg,02_cricket_player_profiles_and_awards,caption,Manual visual override after contact-sheet review.,Emerging Player of the year - Gayan Anuradha
587553638_1148157847435203_6748032006710202166_n.jpg,02_cricket_player_profiles_and_awards,caption,Matched player-profile or cricket award keywords.,Bloomfield Knights - Best Batsman - Nilesh Narendran
587569637_1148161044101550_6512552835575748270_n.jpg,02_cricket_player_profiles_and_awards,caption,Matched player-profile or cricket award keywords.,Bloomfield Knights - MVP - Weerakkodige Weerashalana
587590184_1148165097434478_3861970937648294872_n.jpg,04_social_entertainment_low_priority,ocr,Manual visual override after contact-sheet review.,"hit @ e = e la ""a ; | } * Bloompald Cricket and Cultural Club : Lpnual Hoards and Ge Together 2025"
587684210_1148164690767852_6614674598125832126_n.jpg,04_social_entertainment_low_priority,ocr,Manual visual override after contact-sheet review.,"ised ae ae aoe 24 : Lid, oe ’ Sa ay § we - ip ee fee i ; | ‘A : . ean -s d a 3 EO = See ~ ~d . ee eS = a a “ - “Si \ <4 Spee es = ae — Em, a ad ' ae Bloompteld Cricket aned Cultural Cabs Fi io EB Lianuat Hands and Get Ti"
587691496_1148165237434464_1069590425014565096_n.jpg,04_social_entertainment_low_priority,ocr,Matched social/entertainment keywords.,"14 7 zt, mY ; —_— ¥ ry ? te f oe - or ee REN. SK ~ , Seg Pu RS . Pe ‘ Bea eo ee Bec May cae EM ea a ge yg oe ok ae oes t S 2 ee eee Las eee Se ee ae LR OS er ay fon ee gl a ; oa oa Hie Oe oe A ene : 5 2 ake ees cn een ac"
587702932_1148162770768044_920617086123608876_n.jpg,04_social_entertainment_low_priority,ocr,Manual visual override after contact-sheet review.,"ED. = Soe saa m Ge ie r ”; 5 ie / Bleamfeld Cricket and Cultural Club re , Lpnuat Loards ant Get Vegethor 2025 N22, Mamno0® ."
587762136_1148164067434581_2482299657910272583_n.jpg,04_social_entertainment_low_priority,ocr,Manual visual override after contact-sheet review.,"{ oe! Xe ky _ = — » . | S&S 5i@ ' Fi es a NS IR oO OI alse ra f 2 “wit 'y, d “ ji Bloomfeld Crichet and Cultural Club : on Bg - Lnnual Looards and Get Tagether 2025 ~\"
587931662_1148162990768022_1512010234161970134_n.jpg,01_cricket_matches_and_action,ocr,Matched match/game/action cricket keywords.,"= aS 4 5 \ Li “— ill VE . FJ Met mi i, ; Wt \ - me = . ss Wi = Ae 3 - 7 R . 2 — / . . +, \ A Fs “ | , “ £4 Bt hi, A a 2 C) 2s —— LEE SEAN s ; Pen orey ca VA it Ms ies Henn SE INN. a pay p ‘et f 6 "" ieee Peet SMa Se aaa P"
587968743_1148163427434645_4943905617871198585_n.jpg,04_social_entertainment_low_priority,ocr,Manual visual override after contact-sheet review.,">_> i ie E | mae a , ; ~ <-> 4:> a <3 Ge } sap | . asm Sd | = a Nc > core f SS | EE { 5, ) ee"
587983351_1148163907434597_5706263385537429561_n.jpg,04_social_entertainment_low_priority,ocr,Manual visual override after contact-sheet review.,Wh l . re he c \S y Ss j as? ) 4 it F PR <A poe hee Ae : SS WAN « Bloomfeld Cricket and Calural Cab Ei we & Lpnual Huoards and Get Tagether 2025
588000676_1148165067434481_2556965140122816938_n.jpg,04_social_entertainment_low_priority,ocr,Manual visual override after contact-sheet review.,bo ’ vee! “Ie ! —— _ ef =) \\4 ~~ A> eo e-.5 _ NE en se aw 2 \\ 4 | hs. a) i ; / y (4 ) ~~ ye _— Bloompa Cricket and Cultural libs Lpnual Phuards and Ge Tagether 2025 . é oN BCCe A a E —— see
588009835_1148163104101344_1368617864755500199_n.jpg,04_social_entertainment_low_priority,ocr,Manual visual override after contact-sheet review.,"vA ee , * sae <a . * aS & | ii Py) 4A ee | a i a : , | Oo NY ey , Sy ow” | Be .. : ae we | eS i 4 = ve A hin oo A b= j . > it a . | We 1) vf © yp ae ed La "" os ht 2 “ee 4 Coa. . _— Bloempteld Cricket and Cutaral Cab ioe."
588012336_1148157774101877_853782049430731961_n.jpg,02_cricket_player_profiles_and_awards,caption,Matched player-profile or cricket award keywords.,Bloomfield Stars - Best Bowler & MVP - Pashma Nanayakkara
588023576_1148163597434628_6585981854079334194_n.jpg,04_social_entertainment_low_priority,ocr,Matched social/entertainment keywords.,"mts ) } j re L ons » or OT ae Al A ; Ra A OAs | : in Bs a gerd ain Ce BEML), r ’ we a AS ya ea r fi ‘"" a 3 , / = asad —— | Lnual Howards and Get Together 2025"
588030811_1148164024101252_1559740565689197579_n.jpg,04_social_entertainment_low_priority,ocr,Manual visual override after contact-sheet review.,"» Se b rl eo . \ ' > Sie : , ae \ 3 A 4 /"" V Bloomfield Crichet and Cultural Cab ) Lrnwal Posards anc Get Tegether 2095 ”“ a \g ee RG Cas 0° hd ea"
588231628_1148163860767935_6739231872654669558_n.jpg,04_social_entertainment_low_priority,ocr,Manual visual override after contact-sheet review.,j . _ ae iy Mad ™ wf a t i — Bloomfield Crichet and Cultural Club (= say) Lpnual Huvards and Get Tagether 2025 ——_— f
588351715_1148164154101239_3376880415708926028_n.jpg,04_social_entertainment_low_priority,ocr,Manual visual override after contact-sheet review.,"————— oes "" A Th Fe . B- gah | : a : ea >’ , J a. | ~ : at ais ye — WT AA) y j;~ »e a & \~ “ ' : — \ . . r { \ >, ‘ = wR we “Ss FS = ee \ a : ™& P| aaa a —— ~ = ‘"
588372927_1148164837434504_8824773775425497207_n.jpg,04_social_entertainment_low_priority,ocr,Manual visual override after contact-sheet review.,"ss eS ET SAE | Ch a | | d | ¥ K i 5 ""if = a ie <> Ow i \ a j ) aa ) VN i J i <> ie \ or a oo = eee § _. = ae . : Bloomfeld Cricket and Cultural Cub teem: Lrnual Hwardsand Get Degethor 2025 ."
588391612_1148161170768204_8355349315496994669_n.jpg,02_cricket_player_profiles_and_awards,caption,Matched player-profile or cricket award keywords.,Bloomfield CC - Best Batsman - John Mendis
588398043_1148162680768053_6200981905635411155_n.jpg,04_social_entertainment_low_priority,ocr,Manual visual override after contact-sheet review.,"\ _ ae - <a atl 7 : ly Gr: ms fa 2."" \= Dt A | aa ef ee PN: AR iad ONUNO enn SNC Ss ee Y 6 / Pie : ay eu —_ Vee ~~ See 4 , Bi tS , ®, | Ny S wee aletesthesengsaes PANGS ae Ih we rN sd Hemeec en tadte 88 2888S nde’ CRESS"
588425217_1148164364101218_6798866166492006910_n.jpg,03_cricket_team_and_tournament_announcements,ocr,Bloomfield cricket context detected (fallback).,"| % * . + e yo a t ox AN Me NG RT -* Sis, € La WH Wy!) j ~ Se <= Ty ‘ fe, f = 4 <)> + > A? Bloomfield Cricket and Cultural Cabs G@ : Lpnual Hoards and Get Degethor 2025"
588428280_1148163137434674_2837267577065686017_n.jpg,04_social_entertainment_low_priority,ocr,Matched social/entertainment keywords.,"—_— ‘see 2 ame , we ¥ oe eae woe : Gee ewe ; st j pr ee a = ry Pe | Bloomfeld Cricket and Cultural Clab 3 (a) Panwal Hoards and Get Together 2025 QY” 5 “ a ss ei as 4"
588431654_1148163727434615_3849079542587232964_n.jpg,04_social_entertainment_low_priority,ocr,Manual visual override after contact-sheet review.,ir 1 Ui 4 - = ) . wee SS r} ae Fr ef a A ) . ( i \
588431658_1148162904101364_674471711932591081_n.jpg,04_social_entertainment_low_priority,ocr,Manual visual override after contact-sheet review.,"; . eal ; “4 iow aif AG : a ‘ jg : *, | =F | Oe eee"" (a) q"
588433938_1148163457434642_4042115594966145961_n.jpg,04_social_entertainment_low_priority,ocr,Manual visual override after contact-sheet review.,"FA Sw ie = : <-m, |2 = \ y ’, yo a 4 i ¥  _ . * ss ay a hot fe ies ie 5  * se Bas, soaee Memes : eS ese é iden eck fos of  wip : e Ges. ae “ 3 Re ee ; A WHI Sees Ae y yy \\ Hi} | nds hee apes eek  - yf ) lees. ||| pet te"
588446461_1148163287434659_8507473478942579656_n.jpg,04_social_entertainment_low_priority,ocr,Manual visual override after contact-sheet review.,"—— —— —— _— _— i » 2 » . &y a . = . me yj a : oe /5 j , ‘ © , ~ ¥ SNe "" . {a oe a 4 beg Aa AS ’ ) ae \a ae ' \} Faas, i Gy: eee 0 , ' f er ies git : i? AA ; sh Ny Bela LANE ik a i Ey agethen i Bloomfeld Cricket and Cultu"
588450479_1148165347434453_5509657357090310016_n.jpg,04_social_entertainment_low_priority,ocr,Manual visual override after contact-sheet review.,"<-> <-> 4 He ee : f ue ‘ : P - ke : 4-> Tah ee >= a By By HAG Mdde i ON i ie eoesaan Soe) Beso 22a% \ Po O50 2S Beso 228 050.903 02.25 OM Se 90505 ""0 20 50 SSO ‘ em SS 3 Sri a Boos, Eat PRI ooee acag Fo OF Patt SRT AER S"
588450498_1148163930767928_847114604953052588_n.jpg,04_social_entertainment_low_priority,ocr,Matched social/entertainment keywords.,"= 1 f y Sy i SN Ry rt 44% Ta $ a alee Pi 4 ai , Se q) eB se sete,  —- Puan BP REY ETS A ’ : ‘ 0 ee ee eee ete See ‘ A a ares shou e!, SR tewen sents ess ee 2 ey ee LS Po ee een Aree eure oS alate wel teys . cS RAE TY ke"
588461655_1148157097435278_4856654268088555503_n.jpg,04_social_entertainment_low_priority,ocr,Matched social/entertainment keywords.,"¢ S 4 ad y he . es f Aa Si A hand ep View), AS et ere cE t “Lee A | t mae ig 5 sy i = | dl 7 ‘ed ON 725 eee 4 | y ‘ KS <N | | ae. CE | e = Ca > . E 3 \) s BS Oe Fy By . ae , ee } l : E , Ie } ) Y \ As | ! ty Be ploomfiel"
588469610_1148165297434458_7754955689366912887_n.jpg,04_social_entertainment_low_priority,ocr,Manual visual override after contact-sheet review.,"16) @\ © Fy las) ca & oe SET! é . See ae: / Z { “7 ) |. Nie | RS BS | 2th Ms, \ 7 ae a / ” ey = om lr CO i /"
588474847_1148164640767857_4763766498856553486_n.jpg,04_social_entertainment_low_priority,ocr,Manual visual override after contact-sheet review.,- SN . . 2 wa tan G Ne A A — tC att Ge on Ca is
588483672_1148163337434654_2552851340024940426_n.jpg,04_social_entertainment_low_priority,ocr,Manual visual override after contact-sheet review.,a l\/ae LE: he SG LN am iA d Bloompeld Cricket and Cultural Cab (a) LanualHoards and Get Dagether 2025
588490549_1148164074101247_6388395813353019039_n.jpg,04_social_entertainment_low_priority,ocr,Manual visual override after contact-sheet review.,"ij a ie » © , om Ay ‘3 a & Ve 7 ‘ = « 3 , 2 P i 4 ’ . \ ye . f Li ws \ a q \ : u /. a Sn Ne \ oe + ‘ oket an, | Cae Se Q Fic A 4 wR Cs 1) SEC, if é ‘ Qu"
588511238_1148164384101216_6262424441027100035_n.jpg,04_social_entertainment_low_priority,ocr,Manual visual override after contact-sheet review.,": pee ""ee 8. a gn a | aes | a 4 , = i m7 . - me : | eth a = a . / a a R TQkce"
588512012_1148164790767842_8714408486534492237_n.jpg,04_social_entertainment_low_priority,ocr,Manual visual override after contact-sheet review.,"* ® r ) tt "" . . o : } { a 7” "" = * ie << ue at ke <a og 3 ete) ! vy Q iY my che ame velteu Ul bd 2 Sham wards and (Yat or BOR Bloomfeld Cricket and Cultural Cab | Lprual ards and Get Degether 2025 Q 73 > wt a é > ."
588520826_1148163074101347_476906442258223022_n.jpg,03_cricket_team_and_tournament_announcements,ocr,Bloomfield cricket context detected (fallback).,"—_— , aN = ’ - A) é a ey "" : 7 . # a, ae iT? & Cd a 2 sh > P — * , / a FF : . 2 : ‘ r’ a os ‘ oa oo sy : ‘ys 4 ; Bloomfield Cricket and Cultural Cds { Lpnual Looards and Get Tegether 2025 ' ene"
588571815_1148164787434509_3719888347607115841_n.jpg,04_social_entertainment_low_priority,ocr,Manual visual override after contact-sheet review.,| Suan 7 a 2 j i P ee - w = f rag — wii. & =n. i ee
588576870_1148164607434527_1243824267137434937_n.jpg,04_social_entertainment_low_priority,ocr,Manual visual override after contact-sheet review.,we. is se ¥ ‘ AYE En ‘ H ‘ sy BQ : Se
588582475_1148163454101309_654453230521533877_n.jpg,04_social_entertainment_low_priority,ocr,Manual visual override after contact-sheet review.,oud ‘ 3 --e od 7 : ? ~ “ : Be =  4 ) W a ba <8 oe e8  Cyn FF nmin”
588611895_1148161207434867_3636822940595740551_n.jpg,02_cricket_player_profiles_and_awards,caption,Matched player-profile or cricket award keywords.,Bloomfield CC - MVP - Hirusha Weerasekara
588616400_1148165004101154_2304860523088753926_n.jpg,04_social_entertainment_low_priority,ocr,Manual visual override after contact-sheet review.,"“ae a i > Wis Es \ = | . \ sp } s 2\ y f \ “@ \ *, =. \ |"
588635863_1148164450767876_8741195620703606665_n.jpg,04_social_entertainment_low_priority,ocr,Manual visual override after contact-sheet review.,"a i we a Se oN Sa + RNS. VS \S ® joey , A - | \ 4 a j v “ a a Bloompeld Crichee and Cultural Club 3 “a 5 Lrnual Hoards and Get Degether 2025 Dy Beco y:/ 529, Manito? :"
588650233_1148165157434472_2898590297345429630_n.jpg,04_social_entertainment_low_priority,ocr,Matched social/entertainment keywords.,. ~ ‘ . -- \ ey eek | ia. HAE LE ee eee | OS gL OE MT BCU ME. SS aR kN “hap opelae ser es he S ect. sen q eee NS g . Sepa oe se ad BERG aes « Be Lt oat are . + Buoomfeld Cricket and Cultural Club is me i Lpnual Loards an
588691571_1148157287435259_7794311054637990746_n.jpg,02_cricket_player_profiles_and_awards,caption,Matched player-profile or cricket award keywords.,Bloomfield Recreational Team - Best Bowler - Himasha Jayawardene
588725968_1148164294101225_3624062162498841830_n.jpg,04_social_entertainment_low_priority,ocr,Manual visual override after contact-sheet review.,aol A. ‘ a am “ a]
588725969_1148164870767834_8263408616589336778_n.jpg,04_social_entertainment_low_priority,ocr,Matched social/entertainment keywords.,". oe Ee nets a in — ws pe coe t ZS h- aS Ss fe ee ¥ = hi * ° << ah -_ oe ye ol PERE pega) + Vy ‘ RN 4 emm WG A iy 5 5] VU y y HART Roly ‘ j ar i Z P / bs . ® ar f ""- é [ — GE, t 3 gas | Lnual Heard and Get Together 2095"
588882665_1148165324101122_9118951302568888392_n.jpg,04_social_entertainment_low_priority,ocr,Manual visual override after contact-sheet review.,"- SSS SS See ea | N , ( BS Sy 9 ¥ te: Ss Sie © 2 fF as © ; 2 \ ee eo Se Ee _ se ‘ogee ee Re z "" NE = =i | 14 “7 ~ woe 4 Ke 7 qu ""3S a t | and Cultural Cds = e) ‘ f Ainsal ands antl Gt Tegether 2025 a"
588918013_1148163974101257_736734922145842289_n.jpg,04_social_entertainment_low_priority,ocr,Matched social/entertainment keywords.,"¥ y a st pa) ee - , re ~* erage ia | he em » | | - Wey s¢e° ——? ‘ _AAe é i lt re pe i ae 2 # Cae \ Bast Peon. Vad 4 i. te oy Nee Boh » : q esey t | i. bef é v dy. 3 Blonfeld Cricket and Cultural Cds Lpnual Hhoards and Ge"
588940116_1148162887434699_1466195320187080923_n.jpg,04_social_entertainment_low_priority,ocr,Manual visual override after contact-sheet review.,"‘ a: > athe = at 2 re Z . Se. - a ‘Ses if Ay Se BM) nt siaetecomrartaens 4 Se ei ag, f \ ) | ae xcket a 0 pe e Bloompeld Cricket and Cultural Cab dal ¢ lon 2 Grinual Hoards and Get Degethor 2095 ie u Qs”, =—=O*=t=S ‘ 4"
588945248_1148165174101137_810965613194160058_n.jpg,04_social_entertainment_low_priority,ocr,Manual visual override after contact-sheet review.,™= i ; J . a
589004162_1148165044101150_5179824361314126224_n.jpg,04_social_entertainment_low_priority,ocr,Manual visual override after contact-sheet review.,"tae ag om, eel 2 eae | | Ree ON  i uf) ee wr ek  | PP wy re a . Fee ah } 5 f e * 7 |  Be = = s } 3 Bloompaed Cricket and Cultural Club ve loom B Lpnual Hoards and Get Tagether 2025 4 —-_ 2 “y | —"
589058206_1148162637434724_146855797013976740_n.jpg,04_social_entertainment_low_priority,ocr,Manual visual override after contact-sheet review.,j a > NY Wig é amet \ 7 IW a. - ve as —- s . . Awe ae 3 SSN ee si —_ i ~ DBloomfld Cricket and Cultural Cab a a B anual Auards and Ge Dagethor 2025
589097794_1148164530767868_9175217549488687021_n.jpg,04_social_entertainment_low_priority,ocr,Manual visual override after contact-sheet review.,"yi . 4 — h. PMA ‘~ 3m Le eof Se ars ‘ fa eM eg NA, CAS. ORNS NES — J | MN ee Fe ta, i, i wl AAS AS ‘al _ 1 a hs . Se Be Ne J > a 2 os es - ? TT “a 4) agin a , Bloompeld Cricket and Cultural Club Lpnual Husards and Get Ta"
589608738_1148164470767874_5689429763912400687_n.jpg,04_social_entertainment_low_priority,ocr,Manual visual override after contact-sheet review.,"Ob yes S “~ \ * me ‘ se x “% ob Cl a Pa 4 os 1 PM » Pansy a ee < Tah "" LZ ""a, NY i), Bi aman ‘a js. 2 tt IN a IS tz, « 22 x zy Z ily ih  ) /j Te «6 Gr ‘St Z eS Ve ih!) a 1, a ed . A wa Oa Ly Yi), a . / y \ So) LL Vi ap."
589648934_1148162580768063_4789272037460043814_n.jpg,04_social_entertainment_low_priority,ocr,Manual visual override after contact-sheet review.,"’ ‘ ‘7 ; ; in Na Br NS ge i,t ae ; i, + ait TONLE ’ ; ""  ~» if \ Nae a, BG bi a i % ” ¥ ye * Se = ‘ My i, ge hy Q \ f > Ss MS x ae \ \ j 1 SE: oe mH, } Bloompeld Cricket and Cultural Club oF ; Lprnual Hards and Get Daget"
589718697_1148164920767829_323442517225393749_n.jpg,03_cricket_team_and_tournament_announcements,ocr,Bloomfield cricket context detected (fallback).,"Seed 0 y ull NS . ) a Zee Ca ey \"" Z >} ——_. ARNG =>. . wey Ss aa - 3 i ‘ ‘ < - 1 - is a PAM. , es F i , el } om! , hs b "" ot j ‘ Pe uo aah \ bid Ns. rs 4 Cad | Bloomfield Cricket: and Cultural Club Ns “2 Lrnual Haards a"
589732560_1148162724101382_8206279654551967555_n.jpg,04_social_entertainment_low_priority,ocr,Manual visual override after contact-sheet review.,"un . Se , om > ry «= i & at é ——"
589972338_1148164710767850_5955919069433472044_n.jpg,04_social_entertainment_low_priority,ocr,Manual visual override after contact-sheet review.,"He me ‘ “ ‘ F 4 ° =* ’ . a i ae . RST SS ‘* “° SEER, as 2 a ae mn «Sa gee 8 ea i a ne of Be a: tal 4 oe Se Go be ga * A SSSSe i EL: Bee ey , ky DBloomfeld Cricket and Cultural Club sie ; Lpnual Huard and Get Dagether 202"
594962377_1156367649947556_6763823839579424621_n.jpg,01_cricket_matches_and_action,ocr,Matched match/game/action cricket keywords.,Ge Dp MANOR CRICKET beard to A 4 . Most  VALUABLE ¢ Fe PLAYER AS 247 29 RW) RUNS WICKETS Congrati ation
597428650_1160740112843643_355028631902781986_n.jpg,01_cricket_matches_and_action,ocr,Matched match/game/action cricket keywords.,MCA LEAGUE 2625 ELITE DIVISION J . goose Te V 4
597857077_1160740702843584_1727181886412138327_n.jpg,02_cricket_player_profiles_and_awards,ocr,Matched player-profile or cricket award keywords.,") MCA LEAGUE 2025 Mca. DIVISION 2 : . . BLOOMFIELD KNIGHTS LEADING MVP 4 2025 season <1 . 2 a s_serngoner memes 6 Ve 2 esi ice sieor-aes 48.37) — “hha, 4 maninsiesiorcwe NT SOeO ail 5 on ANU Repne ° 3 O e 4 f \"
625353803_1198902309027423_4065399258385905288_n.jpg,02_cricket_player_profiles_and_awards,ocr,Manual visual override after contact-sheet review.,"Hi | VW] | : ~ = - | hes) ° ' , | q I root | Sh | s TS . Ocean ronan ry: 200k) Psp r—t Yop Hance 2016 he Boeddhi Rashes ath ss Pasha. Kenatoas < saat Madhura habe propa 200F a neg 3 ANIL Supe vik : a Gagan 202g q f Chint"
625368145_1198902305694090_4855145398348195786_n.jpg,04_social_entertainment_low_priority,ocr,Manual visual override after contact-sheet review.,K\ a il : I as w-st 3 A ¢ a (er Gori
625492881_1198902302360757_1939368729756554865_n.jpg,04_social_entertainment_low_priority,ocr,Manual visual override after contact-sheet review.,"l H / Wayans | < eget | | ¢ be] ry 64 — J oe I} > lig \ = sparse) | E \- : J = & an = ""i"
625600173_1198902202360767_4483537345693235414_n.jpg,04_social_entertainment_low_priority,ocr,Manual visual override after contact-sheet review.,". HAPPY | Seles A , - Bloomfield Family - *"
